book_id,platform,source_id,title,http_status,fetch_ok,n_text,n_image,axis_match,axis_diff,empty_pages,chars_raw,chars_billable,max_page_chars,p_numbers_contiguous,p_min,p_max,mojibake_suspect,error,flags,content_url
63bccd1b-5d78-4b06-989c-2418886fc5e4,african_storybook,10196,Narrow Escape,200,True,8,9,False,-1,0,709,703,159,True,1,8,False,,AXIS_MISMATCH,https://raw.githubusercontent.com/global-asp/asp-raw-db/master/data/10196.txt
465a22d8-7fa8-4346-87e2-014660cd910a,african_storybook,10198,A Wise Crow,200,True,7,8,False,-1,0,634,634,132,True,1,7,False,,AXIS_MISMATCH,https://raw.githubusercontent.com/global-asp/asp-raw-db/master/data/10198.txt
1e816c50-6bef-4274-b4e1-cabe14d8c2e2,african_storybook,10201,Lion and Warthog,200,True,16,17,False,-1,0,3796,3791,314,True,1,16,False,,AXIS_MISMATCH,https://raw.githubusercontent.com/global-asp/asp-raw-db/master/data/10201.txt
0cb8c332-8f0e-4eac-95ef-c6cc650ceb6c,african_storybook,10261,Weather,200,True,6,7,False,-1,0,189,190,48,True,1,6,False,,AXIS_MISMATCH,https://raw.githubusercontent.com/global-asp/asp-raw-db/master/data/10261.txt
a5da9cd5-442b-46b3-9f80-4959791fdefe,african_storybook,10271,Samba's New Shirt,200,True,8,9,False,-1,0,595,594,119,True,1,8,False,,AXIS_MISMATCH,https://raw.githubusercontent.com/global-asp/asp-raw-db/master/data/10271.txt
f5788a11-d72d-4c4a-93fa-9af08b75729d,african_storybook,10427,What Do You See?,200,True,7,9,False,-2,0,427,424,92,True,1,7,False,,AXIS_MISMATCH,https://raw.githubusercontent.com/global-asp/asp-raw-db/master/data/10427.txt
02da06c9-06b5-4459-9644-008c1f33dc60,african_storybook,10455,Elephant and Chameleon,200,True,8,9,False,-1,0,1020,1014,184,True,1,8,False,,AXIS_MISMATCH,https://raw.githubusercontent.com/global-asp/asp-raw-db/master/data/10455.txt
688b436d-3d76-4808-a797-714a3ee53ec5,african_storybook,10852,Little Bird,200,True,10,11,False,-1,0,3389,3362,583,True,1,10,False,,AXIS_MISMATCH,https://raw.githubusercontent.com/global-asp/asp-raw-db/master/data/10852.txt
944f6217-90a2-402e-b4ac-3502df681a44,african_storybook,12412,My New Friends,200,True,16,17,False,-1,0,416,413,39,True,1,16,False,,AXIS_MISMATCH,https://raw.githubusercontent.com/global-asp/asp-raw-db/master/data/12412.txt
ca3a59d1-506f-4bca-ab2c-84c5eaffa344,african_storybook,13306,Funny Story,200,True,6,7,False,-1,0,600,597,144,True,1,6,False,,AXIS_MISMATCH,https://raw.githubusercontent.com/global-asp/asp-raw-db/master/data/13306.txt
00abd228-a6ef-489e-bf45-5774f4022194,african_storybook,13527,Sherry In the Market,200,True,10,11,False,-1,0,251,251,38,True,1,10,False,,AXIS_MISMATCH,https://raw.githubusercontent.com/global-asp/asp-raw-db/master/data/13527.txt
2765ec8c-6a58-4351-956d-c7b64b971f28,african_storybook,13624,Rooster and Leopard,200,True,12,13,False,-1,0,1412,1407,156,True,1,12,False,,AXIS_MISMATCH,https://raw.githubusercontent.com/global-asp/asp-raw-db/master/data/13624.txt
035425ec-7203-4a78-9987-0197caeaaf8e,african_storybook,13627,Tom the banana seller,200,True,12,13,False,-1,0,721,718,98,True,1,12,False,,AXIS_MISMATCH,https://raw.githubusercontent.com/global-asp/asp-raw-db/master/data/13627.txt
54059ca0-6e7a-43e6-8c38-feaa419d2267,african_storybook,13935,Pumpkins?,200,True,12,13,False,-1,0,1571,1555,232,True,1,12,False,,AXIS_MISMATCH,https://raw.githubusercontent.com/global-asp/asp-raw-db/master/data/13935.txt
4a83c5cd-8da0-4f82-8749-7e9b46e1e027,african_storybook,14088,Mama's Garden,200,True,6,7,False,-1,0,565,565,111,True,1,6,False,,AXIS_MISMATCH,https://raw.githubusercontent.com/global-asp/asp-raw-db/master/data/14088.txt
57c5d40a-031c-4f55-8087-d2d0f24e0ac2,african_storybook,14309,My Holiday,200,True,10,11,False,-1,0,1515,1515,220,True,1,10,False,,AXIS_MISMATCH,https://raw.githubusercontent.com/global-asp/asp-raw-db/master/data/14309.txt
2f19683b-94ef-45bb-b86d-d01f3c6fda69,african_storybook,14393,"Danny, the Boy",200,True,10,11,False,-1,0,1763,1761,309,True,1,10,False,,AXIS_MISMATCH,https://raw.githubusercontent.com/global-asp/asp-raw-db/master/data/14393.txt
6d429add-f471-49f7-a6bd-cb457a072e9b,african_storybook,14514,I Colour In,200,True,10,13,False,-3,0,390,390,55,True,1,10,False,,AXIS_MISMATCH,https://raw.githubusercontent.com/global-asp/asp-raw-db/master/data/14514.txt
82226570-491d-4da8-9aa2-7d4052f94b4f,african_storybook,14534,I Can Do This!,200,True,9,13,False,-4,0,783,778,102,True,1,9,False,,AXIS_MISMATCH,https://raw.githubusercontent.com/global-asp/asp-raw-db/master/data/14534.txt
e2d56cb4-34cb-42f0-b8e5-0a8fd1f2e9a2,african_storybook,14836,Mother Changes,200,True,12,13,False,-1,0,485,480,60,True,1,12,False,,AXIS_MISMATCH,https://raw.githubusercontent.com/global-asp/asp-raw-db/master/data/14836.txt
53f0c438-928c-40ab-810f-8f876bbde58f,african_storybook,14917,I Like Trees,200,True,9,13,False,-4,0,2185,2170,316,True,1,9,False,,AXIS_MISMATCH,https://raw.githubusercontent.com/global-asp/asp-raw-db/master/data/14917.txt
e0c766ea-c05f-4d14-9270-c19d92a39a21,african_storybook,14930,Magic Baby,200,True,15,16,False,-1,0,1756,1741,165,True,1,15,False,,AXIS_MISMATCH,https://raw.githubusercontent.com/global-asp/asp-raw-db/master/data/14930.txt
65cc0e2d-cb0a-4654-afdc-5cfda44f6acb,african_storybook,14934,Dance Contest,200,True,9,13,False,-4,0,1473,1465,198,True,1,9,False,,AXIS_MISMATCH,https://raw.githubusercontent.com/global-asp/asp-raw-db/master/data/14934.txt
3eddf601-5b0a-4cc6-ba06-a5c685cb525b,african_storybook,14951,"Tick-Tock, Tick-Tock...",200,True,9,13,False,-4,0,2265,2238,317,True,1,9,False,,AXIS_MISMATCH,https://raw.githubusercontent.com/global-asp/asp-raw-db/master/data/14951.txt
0e15612a-22ff-4585-9afd-85a4145e7db5,african_storybook,14952,I Know How to Draw!,200,True,9,13,False,-4,0,1766,1754,263,True,1,9,False,,AXIS_MISMATCH,https://raw.githubusercontent.com/global-asp/asp-raw-db/master/data/14952.txt
5d852818-5c04-48af-81c9-9a70c63d4783,african_storybook,14953,Piu...piu...piu,200,True,9,13,False,-4,0,1669,1666,206,True,1,9,False,,AXIS_MISMATCH,https://raw.githubusercontent.com/global-asp/asp-raw-db/master/data/14953.txt
e8b10dc1-0ff0-4482-9d08-3259d9851d79,african_storybook,15055,Wind,200,True,12,13,False,-1,0,635,632,65,True,1,12,False,,AXIS_MISMATCH,https://raw.githubusercontent.com/global-asp/asp-raw-db/master/data/15055.txt
d83f0501-6f93-4bf7-b7f4-d55fa9988367,african_storybook,15093,Elephant's Nose,200,True,16,17,False,-1,0,1401,1401,137,True,1,16,False,,AXIS_MISMATCH,https://raw.githubusercontent.com/global-asp/asp-raw-db/master/data/15093.txt
03dde21c-1872-4fad-9fc0-072cb0b635c3,african_storybook,15394,The Lazy Cheptoo,200,True,6,7,False,-1,0,1172,1172,357,True,1,6,False,,AXIS_MISMATCH,https://raw.githubusercontent.com/global-asp/asp-raw-db/master/data/15394.txt
2553a246-6c2e-4aac-a791-cfb89c805a93,african_storybook,15410,My Brother Ken,200,True,10,11,False,-1,0,548,543,109,True,1,10,False,,AXIS_MISMATCH,https://raw.githubusercontent.com/global-asp/asp-raw-db/master/data/15410.txt
62e5ed56-31d2-4c5b-a19d-b487736050fa,african_storybook,15575,I Enjoy Doing,200,True,8,9,False,-1,0,283,283,52,True,1,8,False,,AXIS_MISMATCH,https://raw.githubusercontent.com/global-asp/asp-raw-db/master/data/15575.txt
298ae097-201c-4bf8-b4cd-b75619f0bc67,african_storybook,15750,The Friend at Night,200,True,5,6,False,-1,0,1247,1228,399,True,1,5,False,,AXIS_MISMATCH,https://raw.githubusercontent.com/global-asp/asp-raw-db/master/data/15750.txt
5f328534-f027-44be-ab80-5168182ebe63,african_storybook,15838,The Rich Fool,200,True,13,14,False,-1,0,1788,1763,321,True,1,13,False,,AXIS_MISMATCH,https://raw.githubusercontent.com/global-asp/asp-raw-db/master/data/15838.txt
3b52d389-0315-40f6-a13a-97cd96c7545a,african_storybook,15972,Neo Finds Her Pig,200,True,8,9,False,-1,0,510,504,91,True,1,8,False,,AXIS_MISMATCH,https://raw.githubusercontent.com/global-asp/asp-raw-db/master/data/15972.txt
8f3b5222-b0a2-4491-97e4-70880763d2f8,african_storybook,16120,This is Norah,200,True,8,9,False,-1,0,438,435,75,True,1,8,False,,AXIS_MISMATCH,https://raw.githubusercontent.com/global-asp/asp-raw-db/master/data/16120.txt
aaa98fd1-ece3-4053-b669-6d2758c92e78,african_storybook,16193,Mrs Rubandama the Tailor,200,True,10,11,False,-1,0,468,467,76,True,1,10,False,,AXIS_MISMATCH,https://raw.githubusercontent.com/global-asp/asp-raw-db/master/data/16193.txt
4296581d-5c5f-4ed8-85d2-5cd4a059e2d1,african_storybook,16245,The Sower,200,True,9,10,False,-1,0,1498,1478,378,True,1,9,False,,AXIS_MISMATCH,https://raw.githubusercontent.com/global-asp/asp-raw-db/master/data/16245.txt
0597e7b1-5523-46a3-abd3-515423f89c51,african_storybook,16483,Sidney's Dream,200,True,10,11,False,-1,0,2032,2019,262,True,1,10,False,,AXIS_MISMATCH,https://raw.githubusercontent.com/global-asp/asp-raw-db/master/data/16483.txt
3a754c56-7d6a-4fac-868f-10f28a0f4b1c,african_storybook,16510,Share It Fair!,200,True,15,17,False,-2,0,3309,3303,396,True,1,15,False,,AXIS_MISMATCH,https://raw.githubusercontent.com/global-asp/asp-raw-db/master/data/16510.txt
5b12b0fd-6be6-4602-8c8e-dee29b7c7ea2,african_storybook,16631,"Feet, Hands and Head!",200,True,9,10,False,-1,0,385,381,50,True,1,9,False,,AXIS_MISMATCH,https://raw.githubusercontent.com/global-asp/asp-raw-db/master/data/16631.txt
8fe58a79-b4c5-47be-9b80-28ccfe781e8a,african_storybook,17648,Rat King's Son,200,True,16,17,False,-1,0,3438,3456,367,True,1,16,False,,AXIS_MISMATCH,https://raw.githubusercontent.com/global-asp/asp-raw-db/master/data/17648.txt
9f6ead48-9d38-4a31-84f1-dfbb959c1612,african_storybook,18420,Two Little Friends,200,True,12,13,False,-1,0,930,926,126,True,1,12,False,,AXIS_MISMATCH,https://raw.githubusercontent.com/global-asp/asp-raw-db/master/data/18420.txt
45548519-0348-4d06-93aa-03ac539b4f9e,african_storybook,18773,Two Thieves,200,True,8,9,False,-1,0,535,534,100,True,1,8,False,,AXIS_MISMATCH,https://raw.githubusercontent.com/global-asp/asp-raw-db/master/data/18773.txt
eca8fd23-e1ba-402e-a9d9-c009dd20611c,african_storybook,1880,Nozibele and the three hairs,200,True,13,14,False,-1,0,2001,1988,233,True,1,13,False,,AXIS_MISMATCH,https://raw.githubusercontent.com/global-asp/asp-raw-db/master/data/1880.txt
5e3b28c7-5e20-4971-be7e-ee32697d126a,african_storybook,18892,The Lady In Orange,200,True,12,13,False,-1,0,829,825,115,True,1,12,False,,AXIS_MISMATCH,https://raw.githubusercontent.com/global-asp/asp-raw-db/master/data/18892.txt
aa54fdaa-cae7-46c2-99f2-6a816e15c0a1,african_storybook,19100,Honourable Father,200,True,10,11,False,-1,0,1206,1200,224,True,1,10,False,,AXIS_MISMATCH,https://raw.githubusercontent.com/global-asp/asp-raw-db/master/data/19100.txt
c93b434b-4f8f-403b-89e1-ec3d38d382c4,african_storybook,19194,"Hyena, Hare And Their Basins",200,True,8,9,False,-1,0,2018,1999,339,True,1,8,False,,AXIS_MISMATCH,https://raw.githubusercontent.com/global-asp/asp-raw-db/master/data/19194.txt
63feaab8-1e64-497f-b3f9-cbb6bde4f095,african_storybook,19260,Eagle's Needle,200,True,8,7,False,1,0,2370,2366,492,True,1,8,False,,AXIS_MISMATCH,https://raw.githubusercontent.com/global-asp/asp-raw-db/master/data/19260.txt
f1fce4ab-e3d0-426f-9799-171b16f21506,african_storybook,1938,Anansi and wisdom,200,True,6,7,False,-1,0,1395,1397,303,True,1,6,False,,AXIS_MISMATCH,https://raw.githubusercontent.com/global-asp/asp-raw-db/master/data/1938.txt
b71508b8-fbf5-48ab-89e3-319dedc5d981,african_storybook,19414,Clever Brother,200,True,12,13,False,-1,0,3606,3584,350,True,1,12,False,,AXIS_MISMATCH,https://raw.githubusercontent.com/global-asp/asp-raw-db/master/data/19414.txt
1dc6e2da-02f1-48e4-aecf-6945e9b1a58b,african_storybook,19421,Counting Cabbages,200,True,15,17,False,-2,0,3237,3232,289,True,1,15,False,,AXIS_MISMATCH,https://raw.githubusercontent.com/global-asp/asp-raw-db/master/data/19421.txt
48bda361-522e-4e07-8e24-7045e9ee2d8c,african_storybook,19467,Creature With Two,200,True,12,13,False,-1,0,1618,1610,189,True,1,12,False,,AXIS_MISMATCH,https://raw.githubusercontent.com/global-asp/asp-raw-db/master/data/19467.txt
a75017b1-850c-4627-a705-99c030683796,african_storybook,19470,Pig That Wouldn't Listen,200,True,12,13,False,-1,0,1528,1515,201,True,1,12,False,,AXIS_MISMATCH,https://raw.githubusercontent.com/global-asp/asp-raw-db/master/data/19470.txt
e56e6f66-55d5-4897-a77c-48b0613bebd3,african_storybook,19752,Beloved Daughter,200,True,12,13,False,-1,0,538,538,63,True,1,12,False,,AXIS_MISMATCH,https://raw.githubusercontent.com/global-asp/asp-raw-db/master/data/19752.txt
ab82c04b-b4ee-46f7-87a7-d1cfc97ae4cc,african_storybook,19761,Which Work Is The Most Important?,200,True,8,9,False,-1,0,452,456,68,True,1,8,False,,AXIS_MISMATCH,https://raw.githubusercontent.com/global-asp/asp-raw-db/master/data/19761.txt
8e81359b-4393-452d-9169-5a0530130c59,african_storybook,19762,Frog And Snake,200,True,16,17,False,-1,0,649,650,53,True,1,16,False,,AXIS_MISMATCH,https://raw.githubusercontent.com/global-asp/asp-raw-db/master/data/19762.txt
569a110f-15bc-473b-9ed8-d069fa229303,african_storybook,19766,How the Toad Got Its Skin,200,True,12,13,False,-1,0,558,558,62,True,1,12,False,,AXIS_MISMATCH,https://raw.githubusercontent.com/global-asp/asp-raw-db/master/data/19766.txt
bc67610a-ac07-4b03-945d-5b97458d626d,african_storybook,19767,Monkey and the Drought,200,True,16,17,False,-1,0,765,768,67,True,1,16,False,,AXIS_MISMATCH,https://raw.githubusercontent.com/global-asp/asp-raw-db/master/data/19767.txt
a6dc65d4-7cbf-4c2a-896c-cff41768d43d,african_storybook,19830,My Little Sister,200,True,5,6,False,-1,0,291,288,78,True,1,5,False,,AXIS_MISMATCH,https://raw.githubusercontent.com/global-asp/asp-raw-db/master/data/19830.txt
4bfcdda1-c709-4306-9ed6-e4795af1fd2d,african_storybook,19854,Teret,200,True,10,11,False,-1,0,1150,1156,138,True,1,10,False,,AXIS_MISMATCH,https://raw.githubusercontent.com/global-asp/asp-raw-db/master/data/19854.txt
3a999f45-8ace-45ac-831a-db5875499c68,african_storybook,19885,Fruits of Freedom,200,True,8,9,False,-1,0,2884,2866,402,True,1,8,False,,AXIS_MISMATCH,https://raw.githubusercontent.com/global-asp/asp-raw-db/master/data/19885.txt
7f58f98b-90a6-4788-a3c2-0dc59fa13c3e,african_storybook,19898,Upside Down World,200,True,19,20,False,-1,0,6045,5999,512,True,1,19,False,,AXIS_MISMATCH,https://raw.githubusercontent.com/global-asp/asp-raw-db/master/data/19898.txt
0177393b-4b8f-4121-87d0-43a5eb7d68c0,african_storybook,19933,Fire Again!,200,True,8,9,False,-1,0,295,295,60,True,1,8,False,,AXIS_MISMATCH,https://raw.githubusercontent.com/global-asp/asp-raw-db/master/data/19933.txt
6beab748-117c-4f5b-9c76-eeb7bd556d1f,african_storybook,20147,Little Jojo's Long Tall Tale,200,True,16,17,False,-1,0,1103,1104,91,True,1,16,False,,AXIS_MISMATCH,https://raw.githubusercontent.com/global-asp/asp-raw-db/master/data/20147.txt
2e2ff397-a56f-4e85-9576-eaa27feb61b4,african_storybook,20148,Cat and Dog and the Ball,200,True,13,14,False,-1,1,310,310,44,True,1,13,False,,AXIS_MISMATCH;EMPTY_PAGES,https://raw.githubusercontent.com/global-asp/asp-raw-db/master/data/20148.txt
e9dc3ac3-bd1c-413d-8306-cb2191ae93eb,african_storybook,20150,Cat and Dog and the Egg,200,True,14,16,False,-2,0,359,360,50,True,1,14,False,,AXIS_MISMATCH,https://raw.githubusercontent.com/global-asp/asp-raw-db/master/data/20150.txt
8e5660d1-67b3-4a1b-a6c7-756c6a70f753,african_storybook,20158,Lynne's Birthday Surprise,200,True,16,17,False,-1,0,2792,2799,396,True,1,16,False,,AXIS_MISMATCH,https://raw.githubusercontent.com/global-asp/asp-raw-db/master/data/20158.txt
c7bb87c5-6c9a-4888-b261-38761409476e,african_storybook,20205,Cat and Dog Draw and Colour,200,True,16,18,False,-2,0,596,596,86,True,1,16,False,,AXIS_MISMATCH,https://raw.githubusercontent.com/global-asp/asp-raw-db/master/data/20205.txt
01752e15-2613-41dc-a194-d3fc93970fce,african_storybook,20299,Ndalo And Pendo – The Best Of Friends,200,True,12,13,False,-1,0,1775,1776,190,True,1,12,False,,AXIS_MISMATCH,https://raw.githubusercontent.com/global-asp/asp-raw-db/master/data/20299.txt
886abe5f-cce6-49d9-870b-6d1e1c3a7cb7,african_storybook,20302,Thimba to the Rescue!,200,True,11,12,False,-1,0,1779,1783,273,True,1,11,False,,AXIS_MISMATCH,https://raw.githubusercontent.com/global-asp/asp-raw-db/master/data/20302.txt
1a908c6d-f245-4a19-b23d-16c6c2dcf945,african_storybook,20367,Holiday Experience,200,True,12,11,False,1,0,358,358,49,True,1,12,False,,AXIS_MISMATCH,https://raw.githubusercontent.com/global-asp/asp-raw-db/master/data/20367.txt
783e23dc-169f-4858-a939-b3ea5bfa1336,african_storybook,20550,A Little  Girl,200,True,8,9,False,-1,0,1001,994,148,True,1,8,False,,AXIS_MISMATCH,https://raw.githubusercontent.com/global-asp/asp-raw-db/master/data/20550.txt
e0e51f98-5703-4dc5-b55f-021fc2f22cb5,african_storybook,20587,The Hyena's Funeral,200,True,16,17,False,-1,0,1245,1252,221,True,1,16,False,,AXIS_MISMATCH,https://raw.githubusercontent.com/global-asp/asp-raw-db/master/data/20587.txt
abaac364-2221-4ee3-8624-0324fbdf7d77,african_storybook,20814,The Girl Who Could Fly,200,True,14,15,False,-1,0,647,648,94,True,1,14,False,,AXIS_MISMATCH,https://raw.githubusercontent.com/global-asp/asp-raw-db/master/data/20814.txt
32274f92-bef6-4649-af7d-18f6cdb1f2a7,african_storybook,2084,Hen and Eagle,200,True,10,11,False,-1,0,2057,2050,303,True,1,10,False,,AXIS_MISMATCH,https://raw.githubusercontent.com/global-asp/asp-raw-db/master/data/2084.txt
2a07b2d9-b686-4df8-9577-0922f8e437e4,african_storybook,20853,Old Woman In A Bottle,200,True,16,17,False,-1,0,1279,1286,104,True,1,16,False,,AXIS_MISMATCH,https://raw.githubusercontent.com/global-asp/asp-raw-db/master/data/20853.txt
a97b0413-7f1c-4dfc-9a18-3c556c0d0594,african_storybook,20870,Lioness And Ostrich,200,True,16,17,False,-1,0,760,764,66,True,1,16,False,,AXIS_MISMATCH,https://raw.githubusercontent.com/global-asp/asp-raw-db/master/data/20870.txt
ba94b99f-5ca4-40ab-adc7-a0b750794ff6,african_storybook,20873,The Mule,200,True,16,17,False,-1,0,814,823,68,True,1,16,False,,AXIS_MISMATCH,https://raw.githubusercontent.com/global-asp/asp-raw-db/master/data/20873.txt
b8234969-3434-4d12-8457-228c136668ec,african_storybook,20874,Animals Run Away,200,True,12,13,False,-1,0,587,587,62,True,1,12,False,,AXIS_MISMATCH,https://raw.githubusercontent.com/global-asp/asp-raw-db/master/data/20874.txt
556de4ef-bcfc-4ff9-b3b6-2c4c9c918418,african_storybook,20876,Ungrateful Jackal,200,True,16,17,False,-1,0,720,722,64,True,1,16,False,,AXIS_MISMATCH,https://raw.githubusercontent.com/global-asp/asp-raw-db/master/data/20876.txt
a998e460-364f-4946-87e1-61bf3b59e791,african_storybook,20879,Bride Wealth,200,True,13,14,False,-1,0,521,525,59,True,1,13,False,,AXIS_MISMATCH,https://raw.githubusercontent.com/global-asp/asp-raw-db/master/data/20879.txt
3f3fbd16-0a38-41d1-a6ee-7a0c4405db70,african_storybook,20884,Animals Get Legs,200,True,16,17,False,-1,0,693,696,65,True,1,16,False,,AXIS_MISMATCH,https://raw.githubusercontent.com/global-asp/asp-raw-db/master/data/20884.txt
94d0bd87-f98f-4c10-a9e2-ab57fb2cb70b,african_storybook,20886,Ogres Are Stupid,200,True,12,13,False,-1,0,572,574,62,True,1,12,False,,AXIS_MISMATCH,https://raw.githubusercontent.com/global-asp/asp-raw-db/master/data/20886.txt
98a6452c-94c3-4dd0-b828-2ee874287402,african_storybook,20892,Unlucky Day!,200,True,20,21,False,-1,0,938,942,60,True,1,20,False,,AXIS_MISMATCH,https://raw.githubusercontent.com/global-asp/asp-raw-db/master/data/20892.txt
3ca67178-f695-4148-891b-b548c6179551,african_storybook,20910,Baby And Cranes,200,True,8,9,False,-1,0,405,405,60,True,1,8,False,,AXIS_MISMATCH,https://raw.githubusercontent.com/global-asp/asp-raw-db/master/data/20910.txt
61e4c723-3348-4294-9c59-7244454f7841,african_storybook,20911,Crocodile And Dog,200,True,12,13,False,-1,0,547,548,66,True,1,12,False,,AXIS_MISMATCH,https://raw.githubusercontent.com/global-asp/asp-raw-db/master/data/20911.txt
57be6013-7813-49b1-b18f-7d7bb47512c1,african_storybook,20917,Trickster Hare,200,True,12,13,False,-1,0,572,574,61,True,1,12,False,,AXIS_MISMATCH,https://raw.githubusercontent.com/global-asp/asp-raw-db/master/data/20917.txt
92056d12-e66a-47ce-a385-52ff8b36cf0d,african_storybook,20936,Elephant And The Spirit,200,True,8,9,False,-1,0,622,625,108,True,1,8,False,,AXIS_MISMATCH,https://raw.githubusercontent.com/global-asp/asp-raw-db/master/data/20936.txt
5a36c120-e6c8-4c5e-b1a5-aece2318e268,african_storybook,2102,How Night Came to Opio's Village,200,True,10,11,False,-1,0,2064,2051,315,True,1,10,False,,AXIS_MISMATCH,https://raw.githubusercontent.com/global-asp/asp-raw-db/master/data/2102.txt
98ea55ca-b527-49e1-a0c5-316ae73f5d29,african_storybook,2104,Hungry Jackal and the Sour Grapes,200,True,8,9,False,-1,0,764,759,120,True,1,8,False,,AXIS_MISMATCH,https://raw.githubusercontent.com/global-asp/asp-raw-db/master/data/2104.txt
e015cd0e-458e-4fd6-ab62-f5be819609c6,african_storybook,2124,Fruit,200,True,13,12,False,1,0,3274,3235,324,True,1,13,False,,AXIS_MISMATCH,https://raw.githubusercontent.com/global-asp/asp-raw-db/master/data/2124.txt
f5cce814-b16f-467c-8e63-3c6ce705e0bb,african_storybook,21309,Greedy Anansi,200,True,11,12,False,-1,0,656,659,78,True,1,11,False,,AXIS_MISMATCH,https://raw.githubusercontent.com/global-asp/asp-raw-db/master/data/21309.txt
0dfcfcdb-dd72-466b-87f9-3777fc425a92,african_storybook,21332,Peace,200,True,8,9,False,-1,0,575,575,104,True,1,8,False,,AXIS_MISMATCH,https://raw.githubusercontent.com/global-asp/asp-raw-db/master/data/21332.txt
d0217660-9cc2-491c-aba8-67d1de087133,african_storybook,21374,Simbi Gets A New Mother,200,True,16,17,False,-1,0,669,669,61,True,1,16,False,,AXIS_MISMATCH,https://raw.githubusercontent.com/global-asp/asp-raw-db/master/data/21374.txt
641e3f61-be25-41e9-927c-c0d6c50e6b20,african_storybook,21379,Rooster Cheats,200,True,12,13,False,-1,0,495,497,58,True,1,12,False,,AXIS_MISMATCH,https://raw.githubusercontent.com/global-asp/asp-raw-db/master/data/21379.txt
cd8a11c7-ff36-498f-b2d4-9742e74a1563,african_storybook,21397,Tarik And His Friend,200,True,12,13,False,-1,0,427,427,58,True,1,12,False,,AXIS_MISMATCH,https://raw.githubusercontent.com/global-asp/asp-raw-db/master/data/21397.txt
a84bf7de-95d3-43af-93a7-6e2db0c63847,african_storybook,2140,Musau Saves His Father,200,True,13,14,False,-1,0,1888,1874,220,True,1,13,False,,AXIS_MISMATCH,https://raw.githubusercontent.com/global-asp/asp-raw-db/master/data/2140.txt
0ec81265-c111-4f8a-bccd-ff5108981a93,african_storybook,21423,Pretty Golden Pen,200,True,8,9,False,-1,0,468,468,116,True,1,8,False,,AXIS_MISMATCH,https://raw.githubusercontent.com/global-asp/asp-raw-db/master/data/21423.txt
b6944310-b599-4017-a4ce-f01aa2facb1e,african_storybook,21479,Dog And Jackal,200,True,8,9,False,-1,0,418,420,97,True,1,8,False,,AXIS_MISMATCH,https://raw.githubusercontent.com/global-asp/asp-raw-db/master/data/21479.txt
f5f93329-705b-435d-9861-67d409af32b7,african_storybook,21501,Old Woman And Hare,200,True,8,9,False,-1,0,649,651,119,True,1,8,False,,AXIS_MISMATCH,https://raw.githubusercontent.com/global-asp/asp-raw-db/master/data/21501.txt
e9830f2a-666f-4d4a-b9c4-a89e3e6fb69a,african_storybook,21555,The King And His Beautiful Daughter,200,True,5,4,False,1,0,1170,1171,334,True,1,5,False,,AXIS_MISMATCH,https://raw.githubusercontent.com/global-asp/asp-raw-db/master/data/21555.txt
8d4d229c-18b1-420c-8199-a241b6ce630d,african_storybook,21587,Mother Mouse's Warning,200,True,12,13,False,-1,0,1009,1009,134,True,1,12,False,,AXIS_MISMATCH,https://raw.githubusercontent.com/global-asp/asp-raw-db/master/data/21587.txt
29b70376-3c14-4688-9997-f0f8dd6c2c22,african_storybook,21588,Tamara Starts School,200,True,12,13,False,-1,0,882,885,145,True,1,12,False,,AXIS_MISMATCH,https://raw.githubusercontent.com/global-asp/asp-raw-db/master/data/21588.txt
93c51967-a4c7-4561-9841-26ee45e71c74,african_storybook,21643,Crocodile Waits For Brains,200,True,8,9,False,-1,0,586,586,99,True,1,8,False,,AXIS_MISMATCH,https://raw.githubusercontent.com/global-asp/asp-raw-db/master/data/21643.txt
22922dac-55a6-409d-a210-cd61449f2787,african_storybook,21708,Clever Cat And Foolish Dog,200,True,12,13,False,-1,0,912,917,133,True,1,12,False,,AXIS_MISMATCH,https://raw.githubusercontent.com/global-asp/asp-raw-db/master/data/21708.txt
7e18b735-8593-4f9e-89c9-4b82a5fdcb41,african_storybook,21728,A Present For Grandma,200,True,7,8,False,-1,0,485,485,119,True,1,7,False,,AXIS_MISMATCH,https://raw.githubusercontent.com/global-asp/asp-raw-db/master/data/21728.txt
8e00c757-1fac-49bc-bbfa-2392556d7896,african_storybook,21744,Parna's Calf,200,True,12,13,False,-1,0,805,808,93,True,1,12,False,,AXIS_MISMATCH,https://raw.githubusercontent.com/global-asp/asp-raw-db/master/data/21744.txt
db7258f3-c6f9-44c9-8ddf-176b1f9a1121,african_storybook,21778,The goat that ate the spinach,200,True,12,13,False,-1,0,802,803,98,True,1,12,False,,AXIS_MISMATCH,https://raw.githubusercontent.com/global-asp/asp-raw-db/master/data/21778.txt
2d0a0b08-b138-4eaa-940a-60eeaaf9b153,african_storybook,21786,"My Friend, My Enemy",200,True,8,9,False,-1,0,1267,1267,267,True,1,8,False,,AXIS_MISMATCH,https://raw.githubusercontent.com/global-asp/asp-raw-db/master/data/21786.txt
341702aa-f9e4-4b67-b859-051acdad534f,african_storybook,21789,Girl who did not listen,200,True,12,13,False,-1,0,628,633,73,True,1,12,False,,AXIS_MISMATCH,https://raw.githubusercontent.com/global-asp/asp-raw-db/master/data/21789.txt
70611eab-f597-4c46-8c0a-13ef74dae1d2,african_storybook,21791,The Witch Who Becomes  A Queen,200,True,8,9,False,-1,0,1076,1075,215,True,1,8,False,,AXIS_MISMATCH,https://raw.githubusercontent.com/global-asp/asp-raw-db/master/data/21791.txt
4ff62b6b-0b5d-40da-938b-92ae546ff3c2,african_storybook,21795,Wrong Advice,200,True,20,21,False,-1,0,894,903,62,True,1,20,False,,AXIS_MISMATCH,https://raw.githubusercontent.com/global-asp/asp-raw-db/master/data/21795.txt
e03faedb-7125-451d-9e86-9502bead0ba2,african_storybook,21797,Who Is The Next Ruler?,200,True,16,17,False,-1,0,760,768,69,True,1,16,False,,AXIS_MISMATCH,https://raw.githubusercontent.com/global-asp/asp-raw-db/master/data/21797.txt
fdb719ae-6536-4922-9d73-81571860e647,african_storybook,21896,Our Animals,200,True,12,13,False,-1,0,391,391,61,True,1,12,False,,AXIS_MISMATCH,https://raw.githubusercontent.com/global-asp/asp-raw-db/master/data/21896.txt
76603bf8-1dab-4a4c-8790-8a20702350ae,african_storybook,21967,i plan to be a king,200,True,7,8,False,-1,0,201,201,46,True,1,7,False,,AXIS_MISMATCH,https://raw.githubusercontent.com/global-asp/asp-raw-db/master/data/21967.txt
14c335a9-b565-41e5-ac12-dbf7575d77d5,african_storybook,21968,Support,200,True,4,5,False,-1,0,79,79,23,True,1,4,False,,AXIS_MISMATCH,https://raw.githubusercontent.com/global-asp/asp-raw-db/master/data/21968.txt
aa5c6363-c23a-410e-9d7b-95d26df5733c,african_storybook,21974,"Sun, Moon, and Water",200,True,12,13,False,-1,0,980,983,138,True,1,12,False,,AXIS_MISMATCH,https://raw.githubusercontent.com/global-asp/asp-raw-db/master/data/21974.txt
5745da9e-baf0-4858-b336-2904b2621ae3,african_storybook,21980,Cat and Dog and the butterfly,200,True,13,15,False,-2,0,631,631,73,True,1,13,False,,AXIS_MISMATCH,https://raw.githubusercontent.com/global-asp/asp-raw-db/master/data/21980.txt
adf937d3-8d05-4aab-8cfd-466a2e0f7034,african_storybook,21990,Cat and Dog: Dog is cold,200,True,17,19,False,-2,0,602,602,63,True,1,17,False,,AXIS_MISMATCH,https://raw.githubusercontent.com/global-asp/asp-raw-db/master/data/21990.txt
28a25025-8d52-4bc1-8b0e-18c479162045,african_storybook,21992,Cat and Dog: Cat is yellow,200,True,23,25,False,-2,0,855,867,68,True,1,23,False,,AXIS_MISMATCH,https://raw.githubusercontent.com/global-asp/asp-raw-db/master/data/21992.txt
1b5fc115-b8c5-48b5-b84e-4607f6f384f4,african_storybook,21993,Cat and Dog and the worms,200,True,21,23,False,-2,0,641,645,85,True,1,21,False,,AXIS_MISMATCH,https://raw.githubusercontent.com/global-asp/asp-raw-db/master/data/21993.txt
6d92bf3a-b779-413e-9d67-3f2f7feda0fd,african_storybook,22032,Berhe and the snake,200,True,12,13,False,-1,0,1004,1012,144,True,1,12,False,,AXIS_MISMATCH,https://raw.githubusercontent.com/global-asp/asp-raw-db/master/data/22032.txt
76b4eb5c-bdde-4e88-b653-0ae0b734061b,african_storybook,22035,Clever woman,200,True,12,13,False,-1,0,1491,1501,218,True,1,12,False,,AXIS_MISMATCH,https://raw.githubusercontent.com/global-asp/asp-raw-db/master/data/22035.txt
5f59b938-66ed-484b-9de0-068a7c07d3d7,african_storybook,22037,Four lambs and a fox,200,True,12,13,False,-1,0,969,973,146,True,1,12,False,,AXIS_MISMATCH,https://raw.githubusercontent.com/global-asp/asp-raw-db/master/data/22037.txt
0ac649ce-e5a5-46a0-9205-5f14dfa956e3,african_storybook,22046,Monkey and the shoes,200,True,12,13,False,-1,0,917,919,108,True,1,12,False,,AXIS_MISMATCH,https://raw.githubusercontent.com/global-asp/asp-raw-db/master/data/22046.txt
82b21b19-bdec-458a-bb44-c9fc5822f05a,african_storybook,22047,Result of disobedience,200,True,8,9,False,-1,0,1054,1055,194,True,1,8,False,,AXIS_MISMATCH,https://raw.githubusercontent.com/global-asp/asp-raw-db/master/data/22047.txt
55a64d82-c279-4e4a-ab55-93eba38b48c6,african_storybook,2205,Clever Jackal and Foolish Crow,200,True,8,9,False,-1,0,1257,1257,207,True,1,8,False,,AXIS_MISMATCH,https://raw.githubusercontent.com/global-asp/asp-raw-db/master/data/2205.txt
acb64eb3-4ef8-48f8-beb3-ff3507c2c987,african_storybook,22050,Ten lost boys,200,True,12,13,False,-1,0,1059,1061,126,True,1,12,False,,AXIS_MISMATCH,https://raw.githubusercontent.com/global-asp/asp-raw-db/master/data/22050.txt
af962a91-1726-4ad8-afac-b3d1d7b3e07b,african_storybook,22114,Father's advice,200,True,8,9,False,-1,0,286,286,52,True,1,8,False,,AXIS_MISMATCH,https://raw.githubusercontent.com/global-asp/asp-raw-db/master/data/22114.txt
b3cdf8fd-1d86-4981-80f2-d6dbc9419768,african_storybook,22127,Is Dedo really mad?,200,True,12,13,False,-1,0,997,999,131,True,1,12,False,,AXIS_MISMATCH,https://raw.githubusercontent.com/global-asp/asp-raw-db/master/data/22127.txt
1db8cd76-b8f8-446f-b0fd-1d0abc11e582,african_storybook,22166,Cassava and Palm,200,True,16,17,False,-1,0,1799,1810,185,True,1,16,False,,AXIS_MISMATCH,https://raw.githubusercontent.com/global-asp/asp-raw-db/master/data/22166.txt
a1ecca3c-36fc-4f45-bc15-43c380552834,african_storybook,22168,Why  Donkey cries louder than Horse,200,True,12,13,False,-1,0,874,878,144,True,1,12,False,,AXIS_MISMATCH,https://raw.githubusercontent.com/global-asp/asp-raw-db/master/data/22168.txt
3927c2fc-68a7-492a-9ae4-0e7c5aa16a10,african_storybook,22181,Friendship between a donkey and a hyena,200,True,12,13,False,-1,0,678,681,102,True,1,12,False,,AXIS_MISMATCH,https://raw.githubusercontent.com/global-asp/asp-raw-db/master/data/22181.txt
187f2166-1a62-4dc9-a89a-d14e2f388116,african_storybook,22183,Lion's shoes,200,True,12,13,False,-1,0,737,740,93,True,1,12,False,,AXIS_MISMATCH,https://raw.githubusercontent.com/global-asp/asp-raw-db/master/data/22183.txt
a57c5cc3-b122-491c-943f-8711a9369cda,african_storybook,22184,Raven and Fox,200,True,12,13,False,-1,0,570,571,81,True,1,12,False,,AXIS_MISMATCH,https://raw.githubusercontent.com/global-asp/asp-raw-db/master/data/22184.txt
27aadfed-196b-4e9e-8a17-3ea51fed4462,african_storybook,22185,The coneys and the genet,200,True,12,13,False,-1,0,792,795,110,True,1,12,False,,AXIS_MISMATCH,https://raw.githubusercontent.com/global-asp/asp-raw-db/master/data/22185.txt
6dc1afff-043c-4cb9-a5c7-bbbb8bfe2bcb,african_storybook,22191,Drum,200,True,8,9,False,-1,0,614,615,100,True,1,8,False,,AXIS_MISMATCH,https://raw.githubusercontent.com/global-asp/asp-raw-db/master/data/22191.txt
89848f90-8eba-4099-bf29-442c40e4a227,african_storybook,22194,Skillful musicians,200,True,8,9,False,-1,0,1503,1511,263,True,1,8,False,,AXIS_MISMATCH,https://raw.githubusercontent.com/global-asp/asp-raw-db/master/data/22194.txt
f96d7c5a-3936-49a9-ac2a-8910a854abc1,african_storybook,22261,Three boxes of wealth,200,True,12,13,False,-1,0,1178,1181,153,True,1,12,False,,AXIS_MISMATCH,https://raw.githubusercontent.com/global-asp/asp-raw-db/master/data/22261.txt
d3b53a69-743b-4a31-9458-488eaaafe167,african_storybook,22315,The coffee legend,200,True,21,22,False,-1,0,1515,1515,119,True,1,21,False,,AXIS_MISMATCH,https://raw.githubusercontent.com/global-asp/asp-raw-db/master/data/22315.txt
670f5ad5-3684-47c9-a291-b9dba675c319,african_storybook,22325,Musa and the cat,200,True,8,9,False,-1,0,507,508,100,True,1,8,False,,AXIS_MISMATCH,https://raw.githubusercontent.com/global-asp/asp-raw-db/master/data/22325.txt
65a8b0a0-e572-4e28-8555-16603dffaf30,african_storybook,22357,The boy who ran away,200,True,12,13,False,-1,0,493,494,64,True,1,12,False,,AXIS_MISMATCH,https://raw.githubusercontent.com/global-asp/asp-raw-db/master/data/22357.txt
4591b1b7-b03e-4116-ae96-a143fdea0eb1,african_storybook,22410,Kaldi and the coffee fruit,200,True,12,13,False,-1,0,999,999,123,True,1,12,False,,AXIS_MISMATCH,https://raw.githubusercontent.com/global-asp/asp-raw-db/master/data/22410.txt
ae2ec26f-70de-46a2-8f8f-715c8e21a5a4,african_storybook,22481,Thembi and the Singing,200,True,27,28,False,-1,0,2436,2449,239,True,1,27,False,,AXIS_MISMATCH,https://raw.githubusercontent.com/global-asp/asp-raw-db/master/data/22481.txt
df98b6ed-8083-4268-95e5-d175c948c8a8,african_storybook,22510,Pa Nase the spider and the village women,200,True,12,13,False,-1,0,1134,1136,150,True,1,12,False,,AXIS_MISMATCH,https://raw.githubusercontent.com/global-asp/asp-raw-db/master/data/22510.txt
8f13d7a5-6938-4744-bb5b-a45527f804f2,african_storybook,22542,Magical rainbow river,200,True,12,13,False,-1,0,1884,1887,244,True,1,12,False,,AXIS_MISMATCH,https://raw.githubusercontent.com/global-asp/asp-raw-db/master/data/22542.txt
cfffd0bc-bd99-48ca-b183-4005fc87f78c,african_storybook,22550,How colours came together in the sky,200,True,12,13,False,-1,0,1446,1456,144,True,1,12,False,,AXIS_MISMATCH,https://raw.githubusercontent.com/global-asp/asp-raw-db/master/data/22550.txt
0154908d-1c73-4178-9ae1-dba92d5ccbd5,african_storybook,22565,Drought and the River of Blessings,200,True,12,13,False,-1,0,1057,1061,170,True,1,12,False,,AXIS_MISMATCH,https://raw.githubusercontent.com/global-asp/asp-raw-db/master/data/22565.txt
abfaee65-bd7e-4998-bd84-abf5ca2f31d2,african_storybook,22599,The prince who had no name,200,True,12,13,False,-1,0,1488,1494,189,True,1,12,False,,AXIS_MISMATCH,https://raw.githubusercontent.com/global-asp/asp-raw-db/master/data/22599.txt
5172e482-3005-443f-8d19-7ed81d4f7bd6,african_storybook,22602,Persistent man,200,True,5,6,False,-1,0,295,296,113,True,1,5,False,,AXIS_MISMATCH,https://raw.githubusercontent.com/global-asp/asp-raw-db/master/data/22602.txt
247b05d9-8a74-47d6-901c-15bb95343fb3,african_storybook,22642,The kingfisher and the sea,200,True,12,13,False,-1,0,1236,1239,163,True,1,12,False,,AXIS_MISMATCH,https://raw.githubusercontent.com/global-asp/asp-raw-db/master/data/22642.txt
d6455f62-5dbd-44f5-a86c-187e137e3aa6,african_storybook,22659,Who stole the Food,200,True,6,7,False,-1,0,746,746,170,True,1,6,False,,AXIS_MISMATCH,https://raw.githubusercontent.com/global-asp/asp-raw-db/master/data/22659.txt
95e8a2d0-4864-4063-bf1f-56c398523f4c,african_storybook,22675,What the African Storybook does,200,True,9,10,False,-1,0,754,754,116,True,1,9,False,,AXIS_MISMATCH,https://raw.githubusercontent.com/global-asp/asp-raw-db/master/data/22675.txt
57327ada-73d8-4be1-bbcb-cf2bc51830ab,african_storybook,22679,Donkey,200,True,10,12,False,-2,0,43,43,7,True,1,10,False,,AXIS_MISMATCH,https://raw.githubusercontent.com/global-asp/asp-raw-db/master/data/22679.txt
a7266fea-cd1c-4070-9658-566fa88f2263,african_storybook,22702,The Boy and the Monkey,200,True,9,3,False,6,0,619,619,75,True,1,9,False,,AXIS_MISMATCH,https://raw.githubusercontent.com/global-asp/asp-raw-db/master/data/22702.txt
6d0e0c1f-70f8-4966-a846-6665ed7a8f6e,african_storybook,22706,Three truths of Hyena,200,True,12,13,False,-1,0,938,943,141,True,1,12,False,,AXIS_MISMATCH,https://raw.githubusercontent.com/global-asp/asp-raw-db/master/data/22706.txt
bbe52487-800f-43df-af20-b7ffa0203448,african_storybook,22772,Honesty is a wealth,200,True,6,7,False,-1,0,820,820,228,True,1,6,False,,AXIS_MISMATCH,https://raw.githubusercontent.com/global-asp/asp-raw-db/master/data/22772.txt
06292695-62a6-4a1c-beb7-de3dd4f24d32,african_storybook,22870,We Are The Same,200,True,9,10,False,-1,0,380,380,71,True,1,9,False,,AXIS_MISMATCH,https://raw.githubusercontent.com/global-asp/asp-raw-db/master/data/22870.txt
418cd9ea-eb53-4f7a-9666-5c9d348a9e2e,african_storybook,22971,Sheep who got tired of city life,200,True,12,13,False,-1,0,965,975,125,True,1,12,False,,AXIS_MISMATCH,https://raw.githubusercontent.com/global-asp/asp-raw-db/master/data/22971.txt
fc03889c-4358-457a-8adf-e5654cd50fba,african_storybook,22996,Body,200,True,10,11,False,-1,0,47,47,6,True,1,10,False,,AXIS_MISMATCH,https://raw.githubusercontent.com/global-asp/asp-raw-db/master/data/22996.txt
37a9a634-9743-472e-bc9e-86febe5fa6b4,african_storybook,23002,Three Best Friends,200,True,10,8,False,2,0,1081,1078,197,True,1,10,False,,AXIS_MISMATCH,https://raw.githubusercontent.com/global-asp/asp-raw-db/master/data/23002.txt
b041a9e8-2fb9-4d4a-b594-be048446192c,african_storybook,23015,Education is the key,200,True,10,11,False,-1,0,1188,1186,265,True,1,10,False,,AXIS_MISMATCH,https://raw.githubusercontent.com/global-asp/asp-raw-db/master/data/23015.txt
634f8ce6-936d-4be4-acc1-a4897e872870,african_storybook,23064,Kitchen Time,200,True,12,13,False,-1,0,628,628,69,True,1,12,False,,AXIS_MISMATCH,https://raw.githubusercontent.com/global-asp/asp-raw-db/master/data/23064.txt
645f5f5f-97c3-4501-99c0-4aed0541556b,african_storybook,23116,The Little Elephant,200,True,6,7,False,-1,0,639,639,226,True,1,6,False,,AXIS_MISMATCH,https://raw.githubusercontent.com/global-asp/asp-raw-db/master/data/23116.txt
8222f3a2-2e0b-4863-a12c-ec8c15f1e74e,african_storybook,23135,Face,200,True,10,11,False,-1,0,50,50,8,True,1,10,False,,AXIS_MISMATCH,https://raw.githubusercontent.com/global-asp/asp-raw-db/master/data/23135.txt
34d0bc41-b0a5-4f2c-84c0-c7b4a9d77c79,african_storybook,23150,The Magic Flower,200,True,6,7,False,-1,0,200,200,75,True,1,6,False,,AXIS_MISMATCH,https://raw.githubusercontent.com/global-asp/asp-raw-db/master/data/23150.txt
a0b88130-a31b-4806-941c-dcb1a4cbc1ad,african_storybook,23165,Alake loves Visitors,200,True,7,8,False,-1,0,441,444,103,True,1,7,False,,AXIS_MISMATCH,https://raw.githubusercontent.com/global-asp/asp-raw-db/master/data/23165.txt
7da02963-b211-4026-a30d-db37266380ba,african_storybook,23172,Mojo and Tortiose,200,True,8,9,False,-1,0,549,550,99,True,1,8,False,,AXIS_MISMATCH,https://raw.githubusercontent.com/global-asp/asp-raw-db/master/data/23172.txt
99b27614-a3e6-4bba-b886-244b036e76aa,african_storybook,23187,Water is life,200,True,8,9,False,-1,0,232,232,59,True,1,8,False,,AXIS_MISMATCH,https://raw.githubusercontent.com/global-asp/asp-raw-db/master/data/23187.txt
7d3fe8d8-2069-4da1-9fbb-67462981d557,african_storybook,23220,Mark's trip to the zoo,200,True,9,10,False,-1,0,467,466,66,True,1,9,False,,AXIS_MISMATCH,https://raw.githubusercontent.com/global-asp/asp-raw-db/master/data/23220.txt
c1433c5b-b08e-4f73-8be5-003acc63069c,african_storybook,2327,"The Seventh Sun: a Tribal Tale From Odisha, India",200,True,11,12,False,-1,0,1880,1860,293,True,1,11,False,,AXIS_MISMATCH,https://raw.githubusercontent.com/global-asp/asp-raw-db/master/data/2327.txt
63c5d77f-ec5a-4a6b-bff5-29d1657e38c7,african_storybook,23405,Monkey and the twins,200,True,12,13,False,-1,0,992,993,140,True,1,12,False,,AXIS_MISMATCH,https://raw.githubusercontent.com/global-asp/asp-raw-db/master/data/23405.txt
edb0dee0-4949-4a9b-b9e8-0e1d1b9fd934,african_storybook,23430,Happy dogs,200,True,8,9,False,-1,0,509,509,108,True,1,8,False,,AXIS_MISMATCH,https://raw.githubusercontent.com/global-asp/asp-raw-db/master/data/23430.txt
1cda21e1-16eb-4894-a9c0-9470aec5cca2,african_storybook,23686,Atieno's friend,200,True,12,13,False,-1,0,1092,1096,162,True,1,12,False,,AXIS_MISMATCH,https://raw.githubusercontent.com/global-asp/asp-raw-db/master/data/23686.txt
c3bd1382-e6f4-4003-b2b6-b99d47ad7ae0,african_storybook,23798,The Wise Boy,200,True,9,10,False,-1,0,1296,1296,335,True,1,9,False,,AXIS_MISMATCH,https://raw.githubusercontent.com/global-asp/asp-raw-db/master/data/23798.txt
96897732-f3a8-4160-9894-d5f47d3ca305,african_storybook,23860,Elephant and Hippo,200,True,12,13,False,-1,0,1402,1405,181,True,1,12,False,,AXIS_MISMATCH,https://raw.githubusercontent.com/global-asp/asp-raw-db/master/data/23860.txt
43632fae-dcf4-40f7-b003-8a7b5369854a,african_storybook,23861,Aku and her ice cream,200,True,12,13,False,-1,0,1285,1289,164,True,1,12,False,,AXIS_MISMATCH,https://raw.githubusercontent.com/global-asp/asp-raw-db/master/data/23861.txt
2bf7afb3-1676-4584-9f5b-869f24382cfa,african_storybook,23936,Bird Hunters,200,True,8,9,False,-1,0,641,638,118,True,1,8,False,,AXIS_MISMATCH,https://raw.githubusercontent.com/global-asp/asp-raw-db/master/data/23936.txt
09667119-2bc8-4e61-831a-67b1a0985c25,african_storybook,23938,Result of famine,200,True,12,13,False,-1,0,968,971,162,True,1,12,False,,AXIS_MISMATCH,https://raw.githubusercontent.com/global-asp/asp-raw-db/master/data/23938.txt
ff371545-0c04-4115-adff-3bca85ae9238,african_storybook,23944,A tiny seed: The story of Wanderimam Danasabe,200,True,12,13,False,-1,0,2323,2313,236,True,1,12,False,,AXIS_MISMATCH,https://raw.githubusercontent.com/global-asp/asp-raw-db/master/data/23944.txt
daa7471c-b583-4863-91bc-0ab1912c09f6,african_storybook,24013,My dog,200,True,5,6,False,-1,0,241,241,74,True,1,5,False,,AXIS_MISMATCH,https://raw.githubusercontent.com/global-asp/asp-raw-db/master/data/24013.txt
4e0d4503-6a55-4db1-beee-210c2e211c25,african_storybook,24014,Journey of a Star,200,True,10,11,False,-1,0,542,542,74,True,1,10,False,,AXIS_MISMATCH,https://raw.githubusercontent.com/global-asp/asp-raw-db/master/data/24014.txt
da8c9943-fced-43cf-8ad3-23d2f4c28c31,african_storybook,2408,Market Cows,200,True,16,17,False,-1,0,2437,2428,281,True,1,16,False,,AXIS_MISMATCH,https://raw.githubusercontent.com/global-asp/asp-raw-db/master/data/2408.txt
ad95a514-2a09-4207-a53a-771d654f0560,african_storybook,24194,"The one who loves me, knows what I love",200,True,8,9,False,-1,0,1011,1011,263,True,1,8,False,,AXIS_MISMATCH,https://raw.githubusercontent.com/global-asp/asp-raw-db/master/data/24194.txt
da57d6d5-5e28-4550-9ec6-2a79fc3c94e8,african_storybook,24219,A happy family,200,True,6,7,False,-1,0,605,605,139,True,1,6,False,,AXIS_MISMATCH,https://raw.githubusercontent.com/global-asp/asp-raw-db/master/data/24219.txt
df133490-80a2-4499-8a96-309bf9fe9d9b,african_storybook,24220,My Beautiful Mother,200,True,6,7,False,-1,0,399,399,73,True,1,6,False,,AXIS_MISMATCH,https://raw.githubusercontent.com/global-asp/asp-raw-db/master/data/24220.txt
66bc1ee1-9da8-4c58-8c92-d3ca4b9539f9,african_storybook,24340,Maria's cake,200,True,9,10,False,-1,0,388,387,61,True,1,9,False,,AXIS_MISMATCH,https://raw.githubusercontent.com/global-asp/asp-raw-db/master/data/24340.txt
91ae677d-e416-45c1-b1b9-0cc132ee5ec2,african_storybook,24342,The Singing Bird,200,True,9,10,False,-1,0,597,597,88,True,1,9,False,,AXIS_MISMATCH,https://raw.githubusercontent.com/global-asp/asp-raw-db/master/data/24342.txt
d10913d9-de55-4f18-ae4a-4acb1b84e4ef,african_storybook,24364,Harold the Horse,200,True,13,14,False,-1,0,1224,1228,130,True,1,13,False,,AXIS_MISMATCH,https://raw.githubusercontent.com/global-asp/asp-raw-db/master/data/24364.txt
051e6901-819b-42c5-b477-2e1c03758386,african_storybook,24387,The life of a girl,200,True,6,7,False,-1,0,341,341,69,True,1,6,False,,AXIS_MISMATCH,https://raw.githubusercontent.com/global-asp/asp-raw-db/master/data/24387.txt
9d5a5d24-d544-402e-9aa3-378f8ac83c98,african_storybook,24410,Judy and her mother,200,True,10,11,False,-1,0,693,693,98,True,1,10,False,,AXIS_MISMATCH,https://raw.githubusercontent.com/global-asp/asp-raw-db/master/data/24410.txt
a21ad30d-a815-4251-92e0-be0988c54db2,african_storybook,24412,Lule and Kitty the Cat,200,True,5,6,False,-1,0,246,246,84,True,1,5,False,,AXIS_MISMATCH,https://raw.githubusercontent.com/global-asp/asp-raw-db/master/data/24412.txt
05467e16-f3d7-420d-8e4e-6523beb2ffd0,african_storybook,24444,My grandmother,200,True,6,7,False,-1,0,245,245,51,True,1,6,False,,AXIS_MISMATCH,https://raw.githubusercontent.com/global-asp/asp-raw-db/master/data/24444.txt
c3bb5bd8-7783-48ec-868a-7bab42c050de,african_storybook,24477,Ugali and Fish,200,True,7,8,False,-1,0,658,663,131,True,1,7,False,,AXIS_MISMATCH,https://raw.githubusercontent.com/global-asp/asp-raw-db/master/data/24477.txt
b5037e48-9559-410c-8625-73eb93afb839,african_storybook,24519,Baby falls into the River Nile,200,True,5,6,False,-1,0,286,286,71,True,1,5,False,,AXIS_MISMATCH,https://raw.githubusercontent.com/global-asp/asp-raw-db/master/data/24519.txt
ec95a6bc-4de4-4562-98bc-b417832fa87c,african_storybook,24532,The boy who liked to laugh,200,True,14,15,False,-1,0,524,524,72,True,1,14,False,,AXIS_MISMATCH,https://raw.githubusercontent.com/global-asp/asp-raw-db/master/data/24532.txt
6d72a3f5-94d1-4298-a881-01ab247bae12,african_storybook,24538,Family shopping,200,True,11,12,False,-1,0,650,649,72,True,1,11,False,,AXIS_MISMATCH,https://raw.githubusercontent.com/global-asp/asp-raw-db/master/data/24538.txt
607a41f0-06f7-45fa-8847-ce7ec1bfa07a,african_storybook,24545,My two sisters Nelly and Vivian,200,True,9,10,False,-1,0,1263,1264,232,True,1,9,False,,AXIS_MISMATCH,https://raw.githubusercontent.com/global-asp/asp-raw-db/master/data/24545.txt
dd28e0da-4658-4db9-a000-f61c637e40fe,african_storybook,24557,The first pregnancy experience,200,True,7,8,False,-1,0,445,445,74,True,1,7,False,,AXIS_MISMATCH,https://raw.githubusercontent.com/global-asp/asp-raw-db/master/data/24557.txt
dcb2a7e4-a3b0-431e-878a-6358075b7ea6,african_storybook,24566,The little playful children,200,True,6,7,False,-1,0,353,353,75,True,1,6,False,,AXIS_MISMATCH,https://raw.githubusercontent.com/global-asp/asp-raw-db/master/data/24566.txt
854328de-a136-4e41-9764-eca5b12ecf2b,african_storybook,24573,Mothers love,200,True,8,9,False,-1,0,286,286,54,True,1,8,False,,AXIS_MISMATCH,https://raw.githubusercontent.com/global-asp/asp-raw-db/master/data/24573.txt
716f8b16-3b8c-457e-bbd5-3fc6c8e4f228,african_storybook,24580,Losing my mother,200,True,7,8,False,-1,0,264,264,48,True,1,7,False,,AXIS_MISMATCH,https://raw.githubusercontent.com/global-asp/asp-raw-db/master/data/24580.txt
35666c70-9e98-4c13-998e-2294b8c4eb08,african_storybook,24590,The lovely  Bird,200,True,7,8,False,-1,0,380,380,75,True,1,7,False,,AXIS_MISMATCH,https://raw.githubusercontent.com/global-asp/asp-raw-db/master/data/24590.txt
99ffd030-8ba8-4bbd-a2b7-a4c199860547,african_storybook,24596,I love my father,200,True,6,8,False,-2,0,359,359,71,True,1,6,False,,AXIS_MISMATCH,https://raw.githubusercontent.com/global-asp/asp-raw-db/master/data/24596.txt
2a5da6b4-6cc9-42cf-ba53-c680f15f2b02,african_storybook,24617,My first day at school,200,True,10,11,False,-1,0,682,682,75,True,1,10,False,,AXIS_MISMATCH,https://raw.githubusercontent.com/global-asp/asp-raw-db/master/data/24617.txt
2e474a9c-5b58-4f57-9f72-2602ec55c84d,african_storybook,24625,An African mother,200,True,6,7,False,-1,0,362,361,70,True,1,6,False,,AXIS_MISMATCH,https://raw.githubusercontent.com/global-asp/asp-raw-db/master/data/24625.txt
10bc17fe-f172-4ed1-b1e3-f2d518876c90,african_storybook,24644,Okumu and his cow,200,True,4,5,False,-1,0,217,215,60,True,1,4,False,,AXIS_MISMATCH,https://raw.githubusercontent.com/global-asp/asp-raw-db/master/data/24644.txt
6c1ea13f-a984-4f22-81cf-a5a7ddcb9ce6,african_storybook,24647,King of the Nile,200,True,17,18,False,-1,0,1114,1114,75,True,1,17,False,,AXIS_MISMATCH,https://raw.githubusercontent.com/global-asp/asp-raw-db/master/data/24647.txt
d2a23a7d-38aa-4b28-9160-e0162d9c0bb4,african_storybook,24700,Mary is lazy,200,True,9,10,False,-1,0,285,285,58,True,1,9,False,,AXIS_MISMATCH,https://raw.githubusercontent.com/global-asp/asp-raw-db/master/data/24700.txt
b3a78b33-d185-422c-b55b-6437d8d61254,african_storybook,24729,Hare and Tortoise,200,True,9,10,False,-1,0,564,564,75,True,1,9,False,,AXIS_MISMATCH,https://raw.githubusercontent.com/global-asp/asp-raw-db/master/data/24729.txt
96a374ec-aac1-4ea7-87c6-7de4685bbb54,african_storybook,24732,People who forgot,200,True,12,13,False,-1,0,948,950,156,True,1,12,False,,AXIS_MISMATCH,https://raw.githubusercontent.com/global-asp/asp-raw-db/master/data/24732.txt
ae04f439-0e08-42ad-9283-862e4d686c64,african_storybook,2549,The Happy Revival,200,True,7,8,False,-1,0,1902,1889,341,True,1,7,False,,AXIS_MISMATCH,https://raw.githubusercontent.com/global-asp/asp-raw-db/master/data/2549.txt
65b24f6a-19d6-4ac2-a899-70e0327d46b0,african_storybook,2595,The Tree Wife,200,True,14,15,False,-1,0,2700,2669,268,True,1,14,False,,AXIS_MISMATCH,https://raw.githubusercontent.com/global-asp/asp-raw-db/master/data/2595.txt
babb206f-1d5f-4933-a767-0408362b207b,african_storybook,3125,Kato Clever and the Big Trouble,200,True,10,13,False,-3,0,2770,2734,593,True,1,10,False,,AXIS_MISMATCH,https://raw.githubusercontent.com/global-asp/asp-raw-db/master/data/3125.txt
2ffb31fd-f1fb-46bc-8139-974a9807bf8a,african_storybook,31293,Asiimwe's special mat,200,True,10,11,False,-1,0,509,509,85,True,1,10,False,,AXIS_MISMATCH,https://raw.githubusercontent.com/global-asp/asp-raw-db/master/data/31293.txt
82f47a85-1050-447c-ab46-4bb77f0eaa3c,african_storybook,31355,Chameleon Races Rabbit,200,True,11,12,False,-1,0,1107,1110,185,True,1,11,False,,AXIS_MISMATCH,https://raw.githubusercontent.com/global-asp/asp-raw-db/master/data/31355.txt
a6a5c38a-0d55-4552-8b3b-745e80c14162,african_storybook,31419,The Ant Invasion,200,True,13,14,False,-1,0,787,787,75,True,1,13,False,,AXIS_MISMATCH,https://raw.githubusercontent.com/global-asp/asp-raw-db/master/data/31419.txt
29df2d4b-8c2f-4076-8cf2-f45006bbfd03,african_storybook,31499,Inviting a giraffe to tea,200,True,32,33,False,-1,0,11059,11084,680,True,1,32,False,,AXIS_MISMATCH,https://raw.githubusercontent.com/global-asp/asp-raw-db/master/data/31499.txt
0b1076f0-7baf-48f0-8e0b-d40055ae9d44,african_storybook,31578,The fat donkey,200,True,8,9,False,-1,0,766,766,151,True,1,8,False,,AXIS_MISMATCH,https://raw.githubusercontent.com/global-asp/asp-raw-db/master/data/31578.txt
14eafd98-7b52-4faa-8c57-6f0f241b996d,african_storybook,31689,Friend at Night,200,True,8,10,False,-2,0,1226,1230,244,True,1,8,False,,AXIS_MISMATCH,https://raw.githubusercontent.com/global-asp/asp-raw-db/master/data/31689.txt
bfd5fd7f-7828-4958-8b0d-5f775aeb41b9,african_storybook,31702,Lion gets sick,200,True,12,13,False,-1,0,2303,2311,294,True,1,12,False,,AXIS_MISMATCH,https://raw.githubusercontent.com/global-asp/asp-raw-db/master/data/31702.txt
7487be45-8314-4231-b4ea-96b11013a477,african_storybook,31708,My school clothes,200,True,8,9,False,-1,0,261,261,50,True,1,8,False,,AXIS_MISMATCH,https://raw.githubusercontent.com/global-asp/asp-raw-db/master/data/31708.txt
49e120b5-6ae4-4838-b323-2190afa7c183,african_storybook,31833,Fati and the Honey Tree,200,True,18,20,False,-2,0,2254,2263,250,True,1,18,False,,AXIS_MISMATCH,https://raw.githubusercontent.com/global-asp/asp-raw-db/master/data/31833.txt
201c1a00-3c42-4d2c-bf56-dec16d7695a8,african_storybook,31836,Fati and the Green Snake,200,True,18,19,False,-1,0,1597,1607,149,True,1,18,False,,AXIS_MISMATCH,https://raw.githubusercontent.com/global-asp/asp-raw-db/master/data/31836.txt
f1c7fe2d-5437-4130-b6dc-8e4e09a16e7c,african_storybook,31892,Emeka and the old man,200,True,12,13,False,-1,0,1831,1836,194,True,1,12,False,,AXIS_MISMATCH,https://raw.githubusercontent.com/global-asp/asp-raw-db/master/data/31892.txt
38084019-e031-4577-b65c-8ad9e948ef0b,african_storybook,31898,Planet Earth: The Great Oxidation Event,200,True,20,21,False,-1,0,4149,4149,346,True,1,20,False,,AXIS_MISMATCH,https://raw.githubusercontent.com/global-asp/asp-raw-db/master/data/31898.txt
bfce3b20-ba79-4626-8478-87eaaf78eb46,african_storybook,31900,The Boy Who Discovered IT,200,True,42,10,False,32,0,22247,22146,678,True,1,42,False,,AXIS_MISMATCH,https://raw.githubusercontent.com/global-asp/asp-raw-db/master/data/31900.txt
b5b611dd-98c3-4621-bb59-69a6780c79bf,african_storybook,31901,Berry the Bear,200,True,20,13,False,7,0,5615,5644,472,True,1,20,False,,AXIS_MISMATCH,https://raw.githubusercontent.com/global-asp/asp-raw-db/master/data/31901.txt
ceb20739-16b7-4369-ae5f-a9176ee8dea6,african_storybook,31944,A father's lesson,200,True,12,13,False,-1,0,1871,1877,213,True,1,12,False,,AXIS_MISMATCH,https://raw.githubusercontent.com/global-asp/asp-raw-db/master/data/31944.txt
c4413f1a-77df-45ea-bd19-b11c21dea230,african_storybook,31945,Abebe and the English boys,200,True,12,11,False,1,0,2279,2284,224,True,1,12,False,,AXIS_MISMATCH,https://raw.githubusercontent.com/global-asp/asp-raw-db/master/data/31945.txt
b5e28ddb-b267-41d8-bc67-68f25b89bd07,african_storybook,31946,Father and daughters,200,True,12,13,False,-1,0,2596,2603,249,True,1,12,False,,AXIS_MISMATCH,https://raw.githubusercontent.com/global-asp/asp-raw-db/master/data/31946.txt
67025106-671f-4f02-ba02-f43bf8b31569,african_storybook,31947,"Father, son and donkey",200,True,8,9,False,-1,0,841,843,143,True,1,8,False,,AXIS_MISMATCH,https://raw.githubusercontent.com/global-asp/asp-raw-db/master/data/31947.txt
ebbab745-78c4-4d36-9a14-2fa73a258f82,african_storybook,31948,Foolish husband and wife,200,True,8,9,False,-1,0,831,831,119,True,1,8,False,,AXIS_MISMATCH,https://raw.githubusercontent.com/global-asp/asp-raw-db/master/data/31948.txt
5a369170-cc94-45ed-9fd7-edf2fcd5f2a5,african_storybook,31949,Why hyenas limp,200,True,8,9,False,-1,0,1396,1401,204,True,1,8,False,,AXIS_MISMATCH,https://raw.githubusercontent.com/global-asp/asp-raw-db/master/data/31949.txt
631f1d5e-ef4b-4ddc-862f-0620abdac6c8,african_storybook,31995,Time,200,True,12,13,False,-1,0,576,576,77,True,1,12,False,,AXIS_MISMATCH,https://raw.githubusercontent.com/global-asp/asp-raw-db/master/data/31995.txt
20a7a6ab-5f64-4875-a88e-866d58f71e38,african_storybook,32041,What Lulu wanted,200,True,16,17,False,-1,0,861,869,82,True,1,16,False,,AXIS_MISMATCH,https://raw.githubusercontent.com/global-asp/asp-raw-db/master/data/32041.txt
7dfcd2e4-f46d-40af-a1a2-521b0b756f6a,african_storybook,32045,Chess and family roles,200,True,8,9,False,-1,0,894,894,159,True,1,8,False,,AXIS_MISMATCH,https://raw.githubusercontent.com/global-asp/asp-raw-db/master/data/32045.txt
b0283a0b-5836-498f-9086-70e81e7c91c2,african_storybook,32179,Fire on the mountain,200,True,8,9,False,-1,0,1458,1469,263,True,1,8,False,,AXIS_MISMATCH,https://raw.githubusercontent.com/global-asp/asp-raw-db/master/data/32179.txt
8ba88423-625a-4dc5-9fd3-aa45c961d665,african_storybook,32214,Crocodile and Ngô-Iwa,200,True,12,13,False,-1,0,662,663,65,True,1,12,False,,AXIS_MISMATCH,https://raw.githubusercontent.com/global-asp/asp-raw-db/master/data/32214.txt
913abebe-56d6-4b4a-a6a1-bd6b0ae5545e,african_storybook,32228,The sticky doll,200,True,16,13,False,3,0,2569,2576,227,True,1,16,False,,AXIS_MISMATCH,https://raw.githubusercontent.com/global-asp/asp-raw-db/master/data/32228.txt
95b3f249-776a-419d-ac71-b68d3c8950f3,african_storybook,32340,My cat is hiding,200,True,8,9,False,-1,0,542,542,76,True,1,8,False,,AXIS_MISMATCH,https://raw.githubusercontent.com/global-asp/asp-raw-db/master/data/32340.txt
e072addc-fa76-465e-8e10-45ff5adbf0b3,african_storybook,32355,Jesus Walks on Water,200,True,7,9,False,-2,0,365,368,80,True,1,7,False,,AXIS_MISMATCH,https://raw.githubusercontent.com/global-asp/asp-raw-db/master/data/32355.txt
c6481c05-a9fd-4f2b-bf60-94a2f9872562,african_storybook,32356,The Lost Sheep and the Lost Coin,200,True,8,10,False,-2,0,959,961,199,True,1,8,False,,AXIS_MISMATCH,https://raw.githubusercontent.com/global-asp/asp-raw-db/master/data/32356.txt
3e1371af-32af-4165-a9c1-51bef6579c68,african_storybook,32357,Guests at the Feast,200,True,7,9,False,-2,0,1235,1237,243,True,1,7,False,,AXIS_MISMATCH,https://raw.githubusercontent.com/global-asp/asp-raw-db/master/data/32357.txt
7d620dcf-c174-4a9e-ad0d-53916b8cc9fc,african_storybook,32380,A New School,200,True,8,9,False,-1,0,1683,1687,248,True,1,8,False,,AXIS_MISMATCH,https://raw.githubusercontent.com/global-asp/asp-raw-db/master/data/32380.txt
f04d0e38-2bab-45ff-95a5-ee9feee4f8ec,african_storybook,32382,The Mystery of the Black Forest,200,True,8,9,False,-1,0,2963,2967,473,True,1,8,False,,AXIS_MISMATCH,https://raw.githubusercontent.com/global-asp/asp-raw-db/master/data/32382.txt
d3f41d32-45e8-4082-9630-7638d7fb9b98,african_storybook,32386,New hope,200,True,7,4,False,3,0,1825,1823,321,True,1,7,False,,AXIS_MISMATCH,https://raw.githubusercontent.com/global-asp/asp-raw-db/master/data/32386.txt
d33d77dd-4503-4c81-9329-35bcc6791dd8,african_storybook,32391,The Magic Pot,200,True,6,3,False,3,0,1219,1222,301,True,1,6,False,,AXIS_MISMATCH,https://raw.githubusercontent.com/global-asp/asp-raw-db/master/data/32391.txt
69f443aa-58e6-4773-8bfc-2a3e886bb60b,african_storybook,32408,Soccer skills,200,True,10,11,False,-1,0,486,486,122,True,1,10,False,,AXIS_MISMATCH,https://raw.githubusercontent.com/global-asp/asp-raw-db/master/data/32408.txt
2c14aa9e-1c2f-4a7a-9e3d-68cf4064285a,african_storybook,32410,Nusha in the sky,200,True,12,13,False,-1,0,505,505,52,True,1,12,False,,AXIS_MISMATCH,https://raw.githubusercontent.com/global-asp/asp-raw-db/master/data/32410.txt
e68d5cb5-4fcf-4f8b-b77f-7f95694d7666,african_storybook,32413,Sihle Goes Back To School,200,True,10,11,False,-1,0,2126,2126,313,True,1,10,False,,AXIS_MISMATCH,https://raw.githubusercontent.com/global-asp/asp-raw-db/master/data/32413.txt
da01e15c-97bc-4182-af84-6794823b284a,african_storybook,32416,Busy busy sun,200,True,8,9,False,-1,0,839,839,129,True,1,8,False,,AXIS_MISMATCH,https://raw.githubusercontent.com/global-asp/asp-raw-db/master/data/32416.txt
5ee8281a-d9ab-4a87-8c78-864d3379d4db,african_storybook,32431,The Great Flood,200,True,7,3,False,4,0,358,358,74,True,1,7,False,,AXIS_MISMATCH,https://raw.githubusercontent.com/global-asp/asp-raw-db/master/data/32431.txt
b28c8ef2-31e3-49a6-a957-cd921c3fcc26,african_storybook,32435,The Helpful Girl,200,True,7,4,False,3,0,503,503,75,True,1,7,False,,AXIS_MISMATCH,https://raw.githubusercontent.com/global-asp/asp-raw-db/master/data/32435.txt
9f226b25-faaf-483c-b370-a39351971bae,african_storybook,32446,The wicked snake,200,True,11,12,False,-1,0,1229,1235,145,True,1,11,False,,AXIS_MISMATCH,https://raw.githubusercontent.com/global-asp/asp-raw-db/master/data/32446.txt
bd8e793b-4d7a-4a03-a6d6-a62b1df4056c,african_storybook,32460,Life story of beans,200,True,16,17,False,-1,0,472,472,54,True,1,16,False,,AXIS_MISMATCH,https://raw.githubusercontent.com/global-asp/asp-raw-db/master/data/32460.txt
737a31e9-3132-4a76-9cbc-cec1f19e69d8,african_storybook,32487,(Colour-in) Fire,200,True,8,9,False,-1,0,118,116,19,True,1,8,False,,AXIS_MISMATCH,https://raw.githubusercontent.com/global-asp/asp-raw-db/master/data/32487.txt
457dbfd8-50ff-4e73-bee8-90f5c5734862,african_storybook,32520,Big-head Ant and lazy Pigeon,200,True,12,13,False,-1,0,717,725,73,True,1,12,False,,AXIS_MISMATCH,https://raw.githubusercontent.com/global-asp/asp-raw-db/master/data/32520.txt
3bc41de6-a48d-48b2-8ad6-81421592a832,african_storybook,32527,Eclipse of Love,200,True,13,14,False,-1,0,1624,1624,245,True,1,13,False,,AXIS_MISMATCH,https://raw.githubusercontent.com/global-asp/asp-raw-db/master/data/32527.txt
febf598f-a649-4132-bfd4-dd01717c0c44,african_storybook,32606,Sentence Street,200,True,12,13,False,-1,0,2310,2311,281,True,1,12,False,,AXIS_MISMATCH,https://raw.githubusercontent.com/global-asp/asp-raw-db/master/data/32606.txt
f7060980-2ca6-4c95-a9ec-7bba286ac3dc,african_storybook,32648,A Rainbow Tale,200,True,14,15,False,-1,0,4061,4066,383,True,1,14,False,,AXIS_MISMATCH,https://raw.githubusercontent.com/global-asp/asp-raw-db/master/data/32648.txt
0c168687-22e0-4c0c-bb97-55d7d3c1874f,african_storybook,32654,The Hungry Green Frog,200,True,8,9,False,-1,0,1024,1023,147,True,1,8,False,,AXIS_MISMATCH,https://raw.githubusercontent.com/global-asp/asp-raw-db/master/data/32654.txt
8e89aabb-2203-4b77-b402-d909bac7502e,african_storybook,32658,The Tortoise and the Eagle,200,True,8,9,False,-1,0,1218,1216,168,True,1,8,False,,AXIS_MISMATCH,https://raw.githubusercontent.com/global-asp/asp-raw-db/master/data/32658.txt
656537bb-8b6e-4009-8bf4-487386bbb831,african_storybook,32659,The Two friends,200,True,8,9,False,-1,0,1121,1121,170,True,1,8,False,,AXIS_MISMATCH,https://raw.githubusercontent.com/global-asp/asp-raw-db/master/data/32659.txt
b9055635-baea-4fbf-bac9-d5814bade5f8,african_storybook,32660,Elephant and Hare Compete,200,True,8,9,False,-1,0,1194,1193,169,True,1,8,False,,AXIS_MISMATCH,https://raw.githubusercontent.com/global-asp/asp-raw-db/master/data/32660.txt
87846da2-7132-4a4e-8c66-b0365928151e,african_storybook,32661,The search for Water,200,True,8,9,False,-1,0,838,839,146,True,1,8,False,,AXIS_MISMATCH,https://raw.githubusercontent.com/global-asp/asp-raw-db/master/data/32661.txt
0558b6b5-131a-49ab-bd9d-c27d39dbcf8b,african_storybook,32904,Alive!,200,True,8,9,False,-1,0,1711,1709,336,True,1,8,False,,AXIS_MISMATCH,https://raw.githubusercontent.com/global-asp/asp-raw-db/master/data/32904.txt
4fd38ba5-cc25-466b-bfff-4dd735dcdad8,african_storybook,32920,Salemka'an spends her day with wind,200,True,12,13,False,-1,0,1065,1065,139,True,1,12,False,,AXIS_MISMATCH,https://raw.githubusercontent.com/global-asp/asp-raw-db/master/data/32920.txt
91860612-d982-4ee9-9ac2-cec7986bb4c9,african_storybook,32921,Super Mummy and Super Super!,200,True,10,11,False,-1,0,1517,1521,170,True,1,10,False,,AXIS_MISMATCH,https://raw.githubusercontent.com/global-asp/asp-raw-db/master/data/32921.txt
4031ecd0-5007-48eb-8f76-131a592da8de,african_storybook,32941,Baby Leopard and the Lamb,200,True,18,19,False,-1,0,3688,3698,262,True,1,18,False,,AXIS_MISMATCH,https://raw.githubusercontent.com/global-asp/asp-raw-db/master/data/32941.txt
638d6d6e-2e64-49f9-aca1-23e6f3d17bfe,african_storybook,33035,Day with my doll,200,True,8,9,False,-1,0,207,207,31,True,1,8,False,,AXIS_MISMATCH,https://raw.githubusercontent.com/global-asp/asp-raw-db/master/data/33035.txt
3b27fbf0-1d79-4bbc-b64d-72069e48bb46,african_storybook,33042,Sipho's flower garden,200,True,5,6,False,-1,0,244,244,72,True,1,5,False,,AXIS_MISMATCH,https://raw.githubusercontent.com/global-asp/asp-raw-db/master/data/33042.txt
aa33f517-bdb0-423c-92ac-e9edcb55c0a8,african_storybook,33047,I like,200,True,10,11,False,-1,0,272,271,43,True,1,10,False,,AXIS_MISMATCH,https://raw.githubusercontent.com/global-asp/asp-raw-db/master/data/33047.txt
bf2ce851-053b-4e6f-82ab-efadbb13fa9b,african_storybook,33082,Kids nabbed,200,True,11,12,False,-1,0,2246,2246,235,True,1,11,False,,AXIS_MISMATCH,https://raw.githubusercontent.com/global-asp/asp-raw-db/master/data/33082.txt
612a940d-63cd-4767-b8a7-d499e9026dea,african_storybook,33142,The Animals Dig a Well,200,True,14,16,False,-2,0,3177,3192,339,True,1,14,False,,AXIS_MISMATCH,https://raw.githubusercontent.com/global-asp/asp-raw-db/master/data/33142.txt
d6c0deb4-54ab-429f-87fb-86e4c0231cae,african_storybook,33145,The Land of No Old People,200,True,9,11,False,-2,0,1088,1090,226,True,1,9,False,,AXIS_MISMATCH,https://raw.githubusercontent.com/global-asp/asp-raw-db/master/data/33145.txt
d609d093-1ff6-4e42-b9b3-e40ec82a329e,african_storybook,33215,Fast Food,200,True,13,14,False,-1,0,2971,2973,287,True,1,13,False,,AXIS_MISMATCH,https://raw.githubusercontent.com/global-asp/asp-raw-db/master/data/33215.txt
0fd3a728-e004-4ec7-807d-de63c3d57961,african_storybook,33600,My Imagination,200,True,8,9,False,-1,0,423,423,79,True,1,8,False,,AXIS_MISMATCH,https://raw.githubusercontent.com/global-asp/asp-raw-db/master/data/33600.txt
1aa7b5cf-151f-414e-8bb6-900570bbab13,african_storybook,33679,When it was very cold,200,True,8,9,False,-1,0,521,521,106,True,1,8,False,,AXIS_MISMATCH,https://raw.githubusercontent.com/global-asp/asp-raw-db/master/data/33679.txt
b6286371-9e8c-4f84-831f-47de8f5a709e,african_storybook,33684,Lihle has a great day,200,True,4,5,False,-1,0,414,414,133,True,1,4,False,,AXIS_MISMATCH,https://raw.githubusercontent.com/global-asp/asp-raw-db/master/data/33684.txt
e1a8f242-580f-4fbd-aebf-b0e74aed9b8e,african_storybook,33738,I love,200,True,8,9,False,-1,0,359,359,75,True,1,8,False,,AXIS_MISMATCH,https://raw.githubusercontent.com/global-asp/asp-raw-db/master/data/33738.txt
0db0aeba-fcea-425e-a57b-b2a4f7145b01,african_storybook,33761,The Sun Smiled,200,True,8,9,False,-1,0,978,981,154,True,1,8,False,,AXIS_MISMATCH,https://raw.githubusercontent.com/global-asp/asp-raw-db/master/data/33761.txt
fd39ad0f-bfeb-4d2b-9431-edc94c7a7ed1,african_storybook,33926,Mangoes,200,True,10,11,False,-1,0,453,453,77,True,1,10,False,,AXIS_MISMATCH,https://raw.githubusercontent.com/global-asp/asp-raw-db/master/data/33926.txt
4b09f629-8464-4cd7-853b-8e9f9bb1ad89,african_storybook,33968,Have You Ever Seen?,200,True,11,12,False,-1,0,508,508,76,True,1,11,False,,AXIS_MISMATCH,https://raw.githubusercontent.com/global-asp/asp-raw-db/master/data/33968.txt
39bc59fa-44f4-4e8b-9485-0b7946a8c986,african_storybook,34005,The cat and dog,200,True,7,8,False,-1,0,410,409,105,True,1,7,False,,AXIS_MISMATCH,https://raw.githubusercontent.com/global-asp/asp-raw-db/master/data/34005.txt
ac0ff21f-22fc-4e42-a976-c62b5732dbb1,african_storybook,34094,Everyday People,200,True,8,9,False,-1,0,425,425,67,True,1,8,False,,AXIS_MISMATCH,https://raw.githubusercontent.com/global-asp/asp-raw-db/master/data/34094.txt
fea7cb93-259c-4f3c-bbf2-98f289f373ca,african_storybook,34098,The shining moon,200,True,4,5,False,-1,0,348,346,135,True,1,4,False,,AXIS_MISMATCH,https://raw.githubusercontent.com/global-asp/asp-raw-db/master/data/34098.txt
eaaf9945-1874-4dd6-bbd9-a341137d5fb3,african_storybook,34111,Wayan and the turtles,200,True,12,8,False,4,0,2868,2871,286,True,1,12,False,,AXIS_MISMATCH,https://raw.githubusercontent.com/global-asp/asp-raw-db/master/data/34111.txt
faa392ea-df97-40d8-9d3e-f6fddbcaaf49,african_storybook,34242,Yoyo and his father travel,200,True,3,4,False,-1,0,332,332,128,True,1,3,False,,AXIS_MISMATCH,https://raw.githubusercontent.com/global-asp/asp-raw-db/master/data/34242.txt
be2ca8bd-3385-4331-a564-8f3e33610f69,african_storybook,34274,Sun and Moon,200,True,8,9,False,-1,0,387,386,72,True,1,8,False,,AXIS_MISMATCH,https://raw.githubusercontent.com/global-asp/asp-raw-db/master/data/34274.txt
1b848b42-bdd3-499b-8f38-3128d2e5ed40,african_storybook,34285,Story of Old Man and Servant,200,True,8,9,False,-1,0,1305,1307,238,True,1,8,False,,AXIS_MISMATCH,https://raw.githubusercontent.com/global-asp/asp-raw-db/master/data/34285.txt
9369578b-68b2-4298-8aec-626331356b3b,african_storybook,34359,Types of shoes,200,True,8,9,False,-1,0,501,501,117,True,1,8,False,,AXIS_MISMATCH,https://raw.githubusercontent.com/global-asp/asp-raw-db/master/data/34359.txt
8c8c8522-d2f1-4dc6-b2db-d7a9d22bcb83,african_storybook,34414,Raven's message,200,True,8,6,False,2,0,688,688,113,True,1,8,False,,AXIS_MISMATCH,https://raw.githubusercontent.com/global-asp/asp-raw-db/master/data/34414.txt
b36b8e92-29ed-412a-9cd2-babc65a078a9,african_storybook,34418,SAM POPCORNS,200,True,6,7,False,-1,0,1061,1065,241,True,1,6,False,,AXIS_MISMATCH,https://raw.githubusercontent.com/global-asp/asp-raw-db/master/data/34418.txt
4f356456-16f2-4b2d-877a-c93bfabf1d01,african_storybook,34450,Little Frog,200,True,8,9,False,-1,0,1104,1115,187,True,1,8,False,,AXIS_MISMATCH,https://raw.githubusercontent.com/global-asp/asp-raw-db/master/data/34450.txt
c0fe5268-17a9-4ce6-a52d-84c8918807b6,african_storybook,34544,Don't cross a flooded river!,200,True,10,11,False,-1,0,2059,2068,276,True,1,10,False,,AXIS_MISMATCH,https://raw.githubusercontent.com/global-asp/asp-raw-db/master/data/34544.txt
c6cfd3e2-0a60-45aa-83f1-caf98ece3e93,african_storybook,34547,What is a lifejacket?,200,True,9,10,False,-1,0,1697,1705,225,True,1,9,False,,AXIS_MISMATCH,https://raw.githubusercontent.com/global-asp/asp-raw-db/master/data/34547.txt
a762c075-268d-4917-8cf7-a7e967badd15,african_storybook,34548,How to help someone in water,200,True,4,5,False,-1,0,929,929,277,True,1,4,False,,AXIS_MISMATCH,https://raw.githubusercontent.com/global-asp/asp-raw-db/master/data/34548.txt
5049d2ca-e59e-4c3a-8c65-4f22727b9156,african_storybook,34549,Stay safe at the beach!,200,True,4,5,False,-1,0,882,882,237,True,1,4,False,,AXIS_MISMATCH,https://raw.githubusercontent.com/global-asp/asp-raw-db/master/data/34549.txt
1879c4a7-5a8b-4363-9b48-147bda3e992d,african_storybook,34575,The Homeless Boy,200,True,13,4,False,9,0,2888,2913,242,True,1,13,False,,AXIS_MISMATCH,https://raw.githubusercontent.com/global-asp/asp-raw-db/master/data/34575.txt
e33d9554-d3af-45dc-92da-1170d1263c53,african_storybook,34656,Amara and the magic tree,200,True,8,9,False,-1,0,1128,1132,217,True,1,8,False,,AXIS_MISMATCH,https://raw.githubusercontent.com/global-asp/asp-raw-db/master/data/34656.txt
147ee167-d94e-4b35-9874-69fc87785be0,african_storybook,35033,Is there someone like me?,200,True,14,15,False,-1,0,577,577,75,True,1,14,False,,AXIS_MISMATCH,https://raw.githubusercontent.com/global-asp/asp-raw-db/master/data/35033.txt
15feb865-75a8-4bad-81ba-4adf9f3ab7f4,african_storybook,35250,Sara's Canoe,200,True,13,14,False,-1,0,309,309,36,True,1,13,False,,AXIS_MISMATCH,https://raw.githubusercontent.com/global-asp/asp-raw-db/master/data/35250.txt
d9d71d4b-52f9-4e9d-9439-40dcb288ad8f,african_storybook,35252,I feel worried,200,True,8,9,False,-1,0,341,341,62,True,1,8,False,,AXIS_MISMATCH,https://raw.githubusercontent.com/global-asp/asp-raw-db/master/data/35252.txt
072daa2b-aa4a-431d-a79c-3cfcf05e811e,african_storybook,35302,Rats in the Barn,200,True,12,13,False,-1,0,1812,1812,206,True,1,12,False,,AXIS_MISMATCH,https://raw.githubusercontent.com/global-asp/asp-raw-db/master/data/35302.txt
0dbf9e8d-7261-4356-b272-a693a33df3e5,african_storybook,35350,The Animals,200,True,9,10,False,-1,0,1116,1112,238,True,1,9,False,,AXIS_MISMATCH,https://raw.githubusercontent.com/global-asp/asp-raw-db/master/data/35350.txt
2a1be8d8-7dbf-4242-ac1d-bd78c8276e61,african_storybook,35356,Where does our meat come from?,200,True,6,7,False,-1,0,450,450,95,True,1,6,False,,AXIS_MISMATCH,https://raw.githubusercontent.com/global-asp/asp-raw-db/master/data/35356.txt
72463638-25a3-4b88-85be-e24ec1ed1c65,african_storybook,35392,If I could visit a storybook,200,True,12,13,False,-1,0,1834,1833,208,True,1,12,False,,AXIS_MISMATCH,https://raw.githubusercontent.com/global-asp/asp-raw-db/master/data/35392.txt
068c3865-3b96-4298-a162-300264cbfba7,african_storybook,35415,Emotions Come and Go,200,True,16,17,False,-1,0,1182,1184,105,True,1,16,False,,AXIS_MISMATCH,https://raw.githubusercontent.com/global-asp/asp-raw-db/master/data/35415.txt
2c489921-541d-42b3-a3a9-d46014c2362a,african_storybook,35417,Decision,200,True,16,17,False,-1,0,1015,1012,115,True,1,16,False,,AXIS_MISMATCH,https://raw.githubusercontent.com/global-asp/asp-raw-db/master/data/35417.txt
c4fd2ec5-82c7-4fe9-afe7-03822ba74202,african_storybook,35419,Salamatu spends her day with wind,200,True,12,13,False,-1,0,1055,1055,139,True,1,12,False,,AXIS_MISMATCH,https://raw.githubusercontent.com/global-asp/asp-raw-db/master/data/35419.txt
5cbc7832-7d72-4bbe-9901-b170fa066177,african_storybook,35421,Crazy Animals,200,True,11,12,False,-1,0,1547,1538,234,True,1,11,False,,AXIS_MISMATCH,https://raw.githubusercontent.com/global-asp/asp-raw-db/master/data/35421.txt
7ca32e75-1503-4756-9cfc-7ecd12b7c797,african_storybook,35428,Farm animals,200,True,4,5,False,-1,0,357,357,115,True,1,4,False,,AXIS_MISMATCH,https://raw.githubusercontent.com/global-asp/asp-raw-db/master/data/35428.txt
53e10dda-3748-4f4f-9fba-81243f755843,african_storybook,35430,Big foot,200,True,4,5,False,-1,0,451,450,168,True,1,4,False,,AXIS_MISMATCH,https://raw.githubusercontent.com/global-asp/asp-raw-db/master/data/35430.txt
2c056444-a442-4303-a34c-d2e7c638dd24,african_storybook,35433,"I Dabble, waddle, wiggle, quack",200,True,8,9,False,-1,0,291,291,53,True,1,8,False,,AXIS_MISMATCH,https://raw.githubusercontent.com/global-asp/asp-raw-db/master/data/35433.txt
263d3009-0df1-4f32-8315-ff45c21371e3,african_storybook,35476,The blacksmith's dilemma,200,True,15,16,False,-1,0,2707,2694,294,True,1,15,False,,AXIS_MISMATCH,https://raw.githubusercontent.com/global-asp/asp-raw-db/master/data/35476.txt
d3cd2894-0eb7-4a23-b1e2-de826fa7e76b,african_storybook,35553,Grannies Visit,200,True,10,11,False,-1,0,2221,2207,239,True,1,10,False,,AXIS_MISMATCH,https://raw.githubusercontent.com/global-asp/asp-raw-db/master/data/35553.txt
a8c63012-fa4f-4ee1-ad9a-f1f673c05330,african_storybook,35554,The Story of SimNom,200,True,5,6,False,-1,0,325,325,142,True,1,5,False,,AXIS_MISMATCH,https://raw.githubusercontent.com/global-asp/asp-raw-db/master/data/35554.txt
7ded32a4-659c-4a17-a808-8abbf9adb4b5,african_storybook,35574,Wicked Friends.,200,True,8,9,False,-1,0,513,512,96,True,1,8,False,,AXIS_MISMATCH,https://raw.githubusercontent.com/global-asp/asp-raw-db/master/data/35574.txt
c6d7e786-caa6-46ef-be4b-b548dd10a9d0,african_storybook,35582,"Tanko,The Farmer",200,True,8,9,False,-1,0,1592,1585,235,True,1,8,False,,AXIS_MISMATCH,https://raw.githubusercontent.com/global-asp/asp-raw-db/master/data/35582.txt
f9901e6d-631c-44c5-bd53-fdbb88137b5f,african_storybook,35588,The Story Fatima,200,True,5,6,False,-1,0,890,883,236,True,1,5,False,,AXIS_MISMATCH,https://raw.githubusercontent.com/global-asp/asp-raw-db/master/data/35588.txt
5f9a1c44-88c1-45d8-b75b-cad08ac1dc48,african_storybook,35593,Amina and the Principal,200,True,8,9,False,-1,0,470,469,66,True,1,8,False,,AXIS_MISMATCH,https://raw.githubusercontent.com/global-asp/asp-raw-db/master/data/35593.txt
a521e11e-4ac4-46eb-86ce-ede8647602db,african_storybook,35594,The beautiful flower,200,True,5,6,False,-1,0,419,417,169,True,1,5,False,,AXIS_MISMATCH,https://raw.githubusercontent.com/global-asp/asp-raw-db/master/data/35594.txt
59c4d5cb-3a96-4ad6-bfff-4db943ce1e42,african_storybook,35613,Story of malama Asabe,200,True,3,4,False,-1,0,266,265,110,True,1,3,False,,AXIS_MISMATCH,https://raw.githubusercontent.com/global-asp/asp-raw-db/master/data/35613.txt
ec228579-27cf-4cec-a9d4-61164613986c,african_storybook,35623,The Right Decision,200,True,5,6,False,-1,0,860,845,223,True,1,5,False,,AXIS_MISMATCH,https://raw.githubusercontent.com/global-asp/asp-raw-db/master/data/35623.txt
c3c1b623-7747-48d5-9b31-9e53eb86c6e9,african_storybook,35626,Amina The Super Girl,200,True,9,10,False,-1,0,1832,1831,234,True,1,9,False,,AXIS_MISMATCH,https://raw.githubusercontent.com/global-asp/asp-raw-db/master/data/35626.txt
bf9646a7-6a7b-496e-8ac8-69d841634477,african_storybook,35631,"Titi and Donkey, the trickster",200,True,8,9,False,-1,0,571,571,96,True,1,8,False,,AXIS_MISMATCH,https://raw.githubusercontent.com/global-asp/asp-raw-db/master/data/35631.txt
4c699618-ca83-4ab3-aa45-0a2de0bfbfd6,african_storybook,35643,THE SOUL OF LOVE,200,True,10,11,False,-1,0,2264,2264,240,True,1,10,False,,AXIS_MISMATCH,https://raw.githubusercontent.com/global-asp/asp-raw-db/master/data/35643.txt
7feb558c-8f7c-48dc-b85d-9600988ad197,african_storybook,35645,Letter 'S' makes more,200,True,8,9,False,-1,0,552,554,79,True,1,8,False,,AXIS_MISMATCH,https://raw.githubusercontent.com/global-asp/asp-raw-db/master/data/35645.txt
4a3d974c-efd7-4e5f-b048-eb3fac7bad83,african_storybook,35646,My House,200,True,8,9,False,-1,0,509,508,93,True,1,8,False,,AXIS_MISMATCH,https://raw.githubusercontent.com/global-asp/asp-raw-db/master/data/35646.txt
51fb0e97-f3bf-44fa-a554-8622c10f1c4f,african_storybook,35647,Mlp the movie,200,True,7,5,False,2,0,870,870,193,True,1,7,False,,AXIS_MISMATCH,https://raw.githubusercontent.com/global-asp/asp-raw-db/master/data/35647.txt
d8086437-131f-42c0-9b2d-9b8e1a4293ec,african_storybook,35666,A Young Dressmaker,200,True,5,6,False,-1,0,525,525,131,True,1,5,False,,AXIS_MISMATCH,https://raw.githubusercontent.com/global-asp/asp-raw-db/master/data/35666.txt
f9c667bb-352f-456f-9f49-20bc27c0b29f,african_storybook,35669,Banana and Toffee: The Big Race,200,True,13,20,False,-7,0,2407,2414,406,True,1,13,False,,AXIS_MISMATCH,https://raw.githubusercontent.com/global-asp/asp-raw-db/master/data/35669.txt
6f042fef-cc66-4370-8304-5dc7c1292f55,african_storybook,35732,The Tree that Couldn't See,200,True,6,7,False,-1,0,388,388,73,True,1,6,False,,AXIS_MISMATCH,https://raw.githubusercontent.com/global-asp/asp-raw-db/master/data/35732.txt
341ee756-3fbf-402f-83d7-1b968c8f4440,african_storybook,35744,Only if this chair could speak,200,True,8,9,False,-1,0,1588,1588,240,True,1,8,False,,AXIS_MISMATCH,https://raw.githubusercontent.com/global-asp/asp-raw-db/master/data/35744.txt
895bfa34-7542-4456-b981-120e4615e796,african_storybook,35866,Hear me,200,True,14,15,False,-1,0,1900,1914,223,True,1,14,False,,AXIS_MISMATCH,https://raw.githubusercontent.com/global-asp/asp-raw-db/master/data/35866.txt
42e94874-eb2c-409a-a2e8-ac1f8b1d9cc9,african_storybook,35934,Five Chicks and a Mango,200,True,16,16,True,0,1,1226,1227,160,True,1,16,False,,EMPTY_PAGES,https://raw.githubusercontent.com/global-asp/asp-raw-db/master/data/35934.txt
28fafa3c-ee0b-4755-aa54-bfaf683dfc60,african_storybook,36026,Little mouse with fur,200,True,12,13,False,-1,0,2570,2579,315,True,1,12,False,,AXIS_MISMATCH,https://raw.githubusercontent.com/global-asp/asp-raw-db/master/data/36026.txt
812bee93-1599-450c-be33-1c7761efe1dc,african_storybook,36028,Let's dive!,200,True,11,13,False,-2,0,2146,2146,238,True,1,11,False,,AXIS_MISMATCH,https://raw.githubusercontent.com/global-asp/asp-raw-db/master/data/36028.txt
2c117645-f2a8-4334-9898-7071b5647de9,african_storybook,36030,Let's go to the park,200,True,8,9,False,-1,0,937,937,143,True,1,8,False,,AXIS_MISMATCH,https://raw.githubusercontent.com/global-asp/asp-raw-db/master/data/36030.txt
78794f18-fed8-40ae-847f-b342024c3842,african_storybook,36036,Why are flamingos pink?,200,True,8,9,False,-1,0,1906,1906,255,True,1,8,False,,AXIS_MISMATCH,https://raw.githubusercontent.com/global-asp/asp-raw-db/master/data/36036.txt
e3203ced-cd0b-45e2-b503-4a9d3f254483,african_storybook,36038,Why do we need bees?,200,True,8,9,False,-1,0,3078,3094,426,True,1,8,False,,AXIS_MISMATCH,https://raw.githubusercontent.com/global-asp/asp-raw-db/master/data/36038.txt
b8cba5b8-d481-4815-8eed-5f19dbec22e7,african_storybook,36089,Elk Vs Wolf,200,True,8,9,False,-1,0,1874,1874,240,True,1,8,False,,AXIS_MISMATCH,https://raw.githubusercontent.com/global-asp/asp-raw-db/master/data/36089.txt
50c2d7b6-c273-4fb6-b806-92d4de760aac,african_storybook,36106,Advice from an old man,200,True,12,13,False,-1,0,2334,2339,240,True,1,12,False,,AXIS_MISMATCH,https://raw.githubusercontent.com/global-asp/asp-raw-db/master/data/36106.txt
b4d6ee1d-4b93-4bbb-8a24-f1794ebeeca5,african_storybook,36128,Why Fly pesters Cow,200,True,10,11,False,-1,0,3317,3307,438,True,1,10,False,,AXIS_MISMATCH,https://raw.githubusercontent.com/global-asp/asp-raw-db/master/data/36128.txt
37f09814-3295-4ea2-8f6b-b85107597fa0,african_storybook,36221,Skeleton bones,200,True,12,13,False,-1,0,2376,2389,245,True,1,12,False,,AXIS_MISMATCH,https://raw.githubusercontent.com/global-asp/asp-raw-db/master/data/36221.txt
e8a5d78a-80e9-477f-9372-50b68a36eec5,african_storybook,36489,Little calf and Alex,200,True,5,6,False,-1,0,1418,1416,327,True,1,5,False,,AXIS_MISMATCH,https://raw.githubusercontent.com/global-asp/asp-raw-db/master/data/36489.txt
89ab411e-9377-4e64-af07-aae875922a86,african_storybook,36503,The Poor Farmer and the Egg,200,True,20,22,False,-2,0,2306,2309,195,True,1,20,False,,AXIS_MISMATCH,https://raw.githubusercontent.com/global-asp/asp-raw-db/master/data/36503.txt
6a593ec6-7532-434d-8a37-3274e4359916,african_storybook,36558,Hard work pays,200,True,7,8,False,-1,0,1217,1219,205,True,1,7,False,,AXIS_MISMATCH,https://raw.githubusercontent.com/global-asp/asp-raw-db/master/data/36558.txt
7623b367-ff57-40cf-b7bb-f709e7f6847a,african_storybook,36586,Hyena and Raven,200,True,10,11,False,-1,0,921,925,114,True,1,10,False,,AXIS_MISMATCH,https://raw.githubusercontent.com/global-asp/asp-raw-db/master/data/36586.txt
15248b9e-1b5b-4799-8496-203d3eb6bd6b,african_storybook,36647,I love my sister,200,True,4,5,False,-1,0,486,486,136,True,1,4,False,,AXIS_MISMATCH,https://raw.githubusercontent.com/global-asp/asp-raw-db/master/data/36647.txt
492ce9f2-ca19-4091-a36d-d0c559d17e5a,african_storybook,36705,Wonky donkeys mom,200,True,12,11,False,1,0,1706,1706,240,True,1,12,False,,AXIS_MISMATCH,https://raw.githubusercontent.com/global-asp/asp-raw-db/master/data/36705.txt
741f9a46-2703-4181-83ff-30d63ab1e109,african_storybook,36714,The wrong cereal.,200,True,7,8,False,-1,0,434,435,85,True,1,7,False,,AXIS_MISMATCH,https://raw.githubusercontent.com/global-asp/asp-raw-db/master/data/36714.txt
772fabc1-46e0-46fc-b051-ea42629bfb44,african_storybook,36739,Chaos in the Classroom,200,True,15,16,False,-1,0,2941,2950,240,True,1,15,False,,AXIS_MISMATCH,https://raw.githubusercontent.com/global-asp/asp-raw-db/master/data/36739.txt
440a4865-da8f-48ba-b53d-98d3bf1b7998,african_storybook,36774,Beth and her Dancing Shoes,200,True,12,13,False,-1,0,4459,4484,442,True,1,12,False,,AXIS_MISMATCH,https://raw.githubusercontent.com/global-asp/asp-raw-db/master/data/36774.txt
210e3b2f-b90c-42c2-a7c5-9424a998a8a0,african_storybook,36775,Mouse in cat school,200,True,8,9,False,-1,0,915,917,161,True,1,8,False,,AXIS_MISMATCH,https://raw.githubusercontent.com/global-asp/asp-raw-db/master/data/36775.txt
9751f676-4da3-49ce-9036-556a623b169d,african_storybook,36825,The Di Bird,200,True,18,5,False,13,0,3641,3659,242,True,1,18,False,,AXIS_MISMATCH,https://raw.githubusercontent.com/global-asp/asp-raw-db/master/data/36825.txt
79effef5-007c-4bfc-b7c9-caf1ea9e6946,african_storybook,36832,Tomorrow is Gogo's birthday,200,True,14,15,False,-1,0,2461,2489,243,True,1,14,False,,AXIS_MISMATCH,https://raw.githubusercontent.com/global-asp/asp-raw-db/master/data/36832.txt
ce6d7e7c-12a8-40fc-ae39-aa387f28f314,african_storybook,36851,The bad king,200,True,7,8,False,-1,0,635,635,151,True,1,7,False,,AXIS_MISMATCH,https://raw.githubusercontent.com/global-asp/asp-raw-db/master/data/36851.txt
da7381e2-70b1-4868-a402-b60408abaadc,african_storybook,36888,The successful family,200,True,9,10,False,-1,0,2195,2194,364,True,1,9,False,,AXIS_MISMATCH,https://raw.githubusercontent.com/global-asp/asp-raw-db/master/data/36888.txt
652f9545-602c-4c2d-b742-f05bbf4c24ef,african_storybook,36895,The story of my life,200,True,11,12,False,-1,0,2858,2858,365,True,1,11,False,,AXIS_MISMATCH,https://raw.githubusercontent.com/global-asp/asp-raw-db/master/data/36895.txt
da281a32-c3ce-4acb-9fe7-38e265fae107,african_storybook,36897,The PUSH centre,200,True,10,11,False,-1,0,1905,1908,282,True,1,10,False,,AXIS_MISMATCH,https://raw.githubusercontent.com/global-asp/asp-raw-db/master/data/36897.txt
8c579cf5-e404-43f0-91a6-483e0bd130b7,african_storybook,36898,My day was great.,200,True,10,11,False,-1,0,1184,1185,166,True,1,10,False,,AXIS_MISMATCH,https://raw.githubusercontent.com/global-asp/asp-raw-db/master/data/36898.txt
d9a343c8-932a-4575-889d-f1a65f7eed6a,african_storybook,36899,Layla's garden,200,True,10,11,False,-1,0,1130,1130,247,True,1,10,False,,AXIS_MISMATCH,https://raw.githubusercontent.com/global-asp/asp-raw-db/master/data/36899.txt
ad36b7ec-e3a0-4252-ac0b-306b0c0612c1,african_storybook,36904,School begins today,200,True,10,11,False,-1,0,3718,3719,432,True,1,10,False,,AXIS_MISMATCH,https://raw.githubusercontent.com/global-asp/asp-raw-db/master/data/36904.txt
03de97a7-57d1-4d94-8155-e8c2654e8588,african_storybook,36908,Babysitting: The spooky night,200,True,7,8,False,-1,0,1585,1594,238,True,1,7,False,,AXIS_MISMATCH,https://raw.githubusercontent.com/global-asp/asp-raw-db/master/data/36908.txt
45f33617-29a3-4d65-abbb-a8e4c14df13c,african_storybook,36909,The children discover a portal,200,True,10,9,False,1,0,2104,2114,241,True,1,10,False,,AXIS_MISMATCH,https://raw.githubusercontent.com/global-asp/asp-raw-db/master/data/36909.txt
062d0f59-228b-4d31-944a-dacdd634fcd2,african_storybook,36912,I love my family,200,True,10,11,False,-1,0,1659,1659,312,True,1,10,False,,AXIS_MISMATCH,https://raw.githubusercontent.com/global-asp/asp-raw-db/master/data/36912.txt
f37e8828-f91c-439d-8ae2-e7bcdb4c22f3,african_storybook,36914,The selfish boy,200,True,10,11,False,-1,0,1858,1858,336,True,1,10,False,,AXIS_MISMATCH,https://raw.githubusercontent.com/global-asp/asp-raw-db/master/data/36914.txt
6a35c3d3-aa82-4e7d-b9db-eca6288d9d88,african_storybook,36918,A Boy Named Sun,200,True,6,8,False,-2,0,741,741,167,True,1,6,False,,AXIS_MISMATCH,https://raw.githubusercontent.com/global-asp/asp-raw-db/master/data/36918.txt
c4dbfd42-8f8f-4ec5-bf89-673d1eb78776,african_storybook,36926,Naughty Natalie,200,True,10,11,False,-1,0,2474,2477,390,True,1,10,False,,AXIS_MISMATCH,https://raw.githubusercontent.com/global-asp/asp-raw-db/master/data/36926.txt
a8c9ec1d-4497-48d0-b837-0d3116f6b35b,african_storybook,36927,The move,200,True,7,8,False,-1,0,1456,1455,287,True,1,7,False,,AXIS_MISMATCH,https://raw.githubusercontent.com/global-asp/asp-raw-db/master/data/36927.txt
645a1476-c5ed-4aba-9efa-8f0379930582,african_storybook,36931,Why the Sky is Now High,200,True,7,9,False,-2,0,1088,1088,163,True,1,7,False,,AXIS_MISMATCH,https://raw.githubusercontent.com/global-asp/asp-raw-db/master/data/36931.txt
72806900-1521-477d-9205-b1116365ed53,african_storybook,36933,How the Moon Got Its Spots,200,True,7,9,False,-2,0,873,874,156,True,1,7,False,,AXIS_MISMATCH,https://raw.githubusercontent.com/global-asp/asp-raw-db/master/data/36933.txt
38f3af85-37cf-4f49-918c-626679ae5663,african_storybook,36945,How i met my best friend.,200,True,10,11,False,-1,0,1359,1359,232,True,1,10,False,,AXIS_MISMATCH,https://raw.githubusercontent.com/global-asp/asp-raw-db/master/data/36945.txt
0d81f66f-a4da-40b3-9bdb-9fdbb7b89714,african_storybook,36987,My December holiday.,200,True,13,14,False,-1,0,1086,1093,108,True,1,13,False,,AXIS_MISMATCH,https://raw.githubusercontent.com/global-asp/asp-raw-db/master/data/36987.txt
e31fe9f1-afe3-4d76-a795-bf3562972d75,african_storybook,36993,The Rainbow,200,True,6,7,False,-1,0,711,712,187,True,1,6,False,,AXIS_MISMATCH,https://raw.githubusercontent.com/global-asp/asp-raw-db/master/data/36993.txt
7cbced92-b08f-4a7f-ac48-f48d8d0d76bc,african_storybook,36998,Lindiwe and her grandmother,200,True,7,8,False,-1,0,2677,2668,470,True,1,7,False,,AXIS_MISMATCH,https://raw.githubusercontent.com/global-asp/asp-raw-db/master/data/36998.txt
8e9cfd15-c101-47b6-bb2f-7cb88d44f3aa,african_storybook,37009,A problematic Cosmo,200,True,12,13,False,-1,0,2389,2389,240,True,1,12,False,,AXIS_MISMATCH,https://raw.githubusercontent.com/global-asp/asp-raw-db/master/data/37009.txt
0e56cccd-1a40-4e4c-ab5a-3ba6be875f9f,african_storybook,37033,Bohlale's adventure,200,True,16,17,False,-1,0,2987,2994,250,True,1,16,False,,AXIS_MISMATCH,https://raw.githubusercontent.com/global-asp/asp-raw-db/master/data/37033.txt
c0f5e46d-9836-4d64-ae65-7027ed116848,african_storybook,37036,Thato's journey,200,True,16,17,False,-1,0,2051,2051,182,True,1,16,False,,AXIS_MISMATCH,https://raw.githubusercontent.com/global-asp/asp-raw-db/master/data/37036.txt
b1ff17db-6d9a-488f-b92e-38c384b9d12d,african_storybook,37096,Thirsty crow,200,True,17,18,False,-1,0,1553,1549,168,True,1,17,False,,AXIS_MISMATCH,https://raw.githubusercontent.com/global-asp/asp-raw-db/master/data/37096.txt
79bbf1dc-eec1-4a7a-abde-ccd55a6da314,african_storybook,37129,Let's fly!,200,True,8,9,False,-1,0,1768,1768,320,True,1,8,False,,AXIS_MISMATCH,https://raw.githubusercontent.com/global-asp/asp-raw-db/master/data/37129.txt
01f3d5c8-0111-40d8-9328-3b1efb87ebe5,african_storybook,37137,Nomfundo and the forest animals,200,True,12,13,False,-1,0,2810,2816,345,True,1,12,False,,AXIS_MISMATCH,https://raw.githubusercontent.com/global-asp/asp-raw-db/master/data/37137.txt
17fc1390-dc4a-4c9b-a7a2-145e4086e204,african_storybook,37155,Oscar's journey,200,True,12,13,False,-1,0,2485,2487,263,True,1,12,False,,AXIS_MISMATCH,https://raw.githubusercontent.com/global-asp/asp-raw-db/master/data/37155.txt
deca0a01-1d4d-4fc0-9c33-486cecf09c19,african_storybook,37186,All about friend ship,200,True,7,8,False,-1,0,204,205,61,True,1,7,False,,AXIS_MISMATCH,https://raw.githubusercontent.com/global-asp/asp-raw-db/master/data/37186.txt
1598ba59-9624-435f-a512-ef08b7433319,african_storybook,37208,Stay safe,200,True,16,18,False,-2,0,1016,1016,99,True,1,16,False,,AXIS_MISMATCH,https://raw.githubusercontent.com/global-asp/asp-raw-db/master/data/37208.txt
14ef47db-c8aa-47b6-9159-eee87df012bc,african_storybook,37218,Donkey and I book 1,200,True,8,9,False,-1,0,263,263,71,True,1,8,False,,AXIS_MISMATCH,https://raw.githubusercontent.com/global-asp/asp-raw-db/master/data/37218.txt
e62931b5-4649-47ef-980f-ded90ac665f5,african_storybook,37281,Primary Colours,200,True,10,11,False,-1,0,377,377,116,True,1,10,False,,AXIS_MISMATCH,https://raw.githubusercontent.com/global-asp/asp-raw-db/master/data/37281.txt
f6725816-6604-4d69-a9bc-231b54632948,african_storybook,37309,My Day,200,True,16,17,False,-1,0,564,564,50,True,1,16,False,,AXIS_MISMATCH,https://raw.githubusercontent.com/global-asp/asp-raw-db/master/data/37309.txt
f177dcf3-40e1-4c16-b968-f179377c3029,african_storybook,37311,Keeping Lala land Clean,200,True,12,13,False,-1,0,804,804,109,True,1,12,False,,AXIS_MISMATCH,https://raw.githubusercontent.com/global-asp/asp-raw-db/master/data/37311.txt
d0d91447-ade9-40cf-b536-9d40851a58b0,african_storybook,37350,The man that could...,200,True,5,6,False,-1,0,123,123,37,True,1,5,False,,AXIS_MISMATCH,https://raw.githubusercontent.com/global-asp/asp-raw-db/master/data/37350.txt
d93da7bd-29e4-4531-ab80-a88a7c085a94,african_storybook,37352,The brave monkey,200,True,4,5,False,-1,0,569,569,206,True,1,4,False,,AXIS_MISMATCH,https://raw.githubusercontent.com/global-asp/asp-raw-db/master/data/37352.txt
65088445-1513-47b4-b6eb-6459f53176c8,african_storybook,37353,SMARTIE KIDS,200,True,4,5,False,-1,0,501,501,185,True,1,4,False,,AXIS_MISMATCH,https://raw.githubusercontent.com/global-asp/asp-raw-db/master/data/37353.txt
11f79eb3-2043-4b73-b8b9-dba41addee95,african_storybook,37385,Magic Words,200,True,20,21,False,-1,0,1354,1354,106,True,1,20,False,,AXIS_MISMATCH,https://raw.githubusercontent.com/global-asp/asp-raw-db/master/data/37385.txt
1f3ed256-c91d-4bd2-8b86-eb5e97812a57,african_storybook,37457,My Five Sense,200,True,14,15,False,-1,0,497,497,63,True,1,14,False,,AXIS_MISMATCH,https://raw.githubusercontent.com/global-asp/asp-raw-db/master/data/37457.txt
fc1bb2a7-da00-4a83-8392-f1d5f044bfc2,african_storybook,37488,The quiet horse,200,True,8,9,False,-1,0,520,517,126,True,1,8,False,,AXIS_MISMATCH,https://raw.githubusercontent.com/global-asp/asp-raw-db/master/data/37488.txt
e4739227-2314-49a5-8621-77188692180c,african_storybook,37496,I Love To Be Clean,200,True,14,15,False,-1,0,371,370,44,True,1,14,False,,AXIS_MISMATCH,https://raw.githubusercontent.com/global-asp/asp-raw-db/master/data/37496.txt
33899cb2-3e53-450e-8d75-c8157d5c0d9a,african_storybook,37501,Chico's Dress.,200,True,9,6,False,3,0,2059,2062,240,True,1,9,False,,AXIS_MISMATCH,https://raw.githubusercontent.com/global-asp/asp-raw-db/master/data/37501.txt
0d6643dc-26b6-4e3e-ad00-a18f564ae7e8,african_storybook,37515,The Helping Mouse,200,True,9,10,False,-1,0,1889,1881,236,True,1,9,False,,AXIS_MISMATCH,https://raw.githubusercontent.com/global-asp/asp-raw-db/master/data/37515.txt
452ec18d-a343-4375-abcb-636bc0bd9c78,african_storybook,37541,THE HUNGRY DINOSAUR,200,True,6,7,False,-1,0,1049,1053,242,True,1,6,False,,AXIS_MISMATCH,https://raw.githubusercontent.com/global-asp/asp-raw-db/master/data/37541.txt
e40998e7-7f03-4cda-9ae4-603da47e7f5d,african_storybook,37552,The Hairless Bear,200,True,6,7,False,-1,0,1110,1120,242,True,1,6,False,,AXIS_MISMATCH,https://raw.githubusercontent.com/global-asp/asp-raw-db/master/data/37552.txt
a8795033-b542-4d6f-af81-1228bc80a6c9,african_storybook,37559,Sripad the trader,200,True,8,4,False,4,0,1858,1862,239,True,1,8,False,,AXIS_MISMATCH,https://raw.githubusercontent.com/global-asp/asp-raw-db/master/data/37559.txt
d537a3a9-e3a5-460d-932e-249d3023991e,african_storybook,37579,What Color is that?,200,True,6,7,False,-1,0,352,352,141,True,1,6,False,,AXIS_MISMATCH,https://raw.githubusercontent.com/global-asp/asp-raw-db/master/data/37579.txt
709658ce-d653-4d05-b999-df8fbfe98c60,african_storybook,37753,Aha! Said the animals,200,True,8,9,False,-1,0,421,428,99,True,1,8,False,,AXIS_MISMATCH,https://raw.githubusercontent.com/global-asp/asp-raw-db/master/data/37753.txt
3a93b9eb-fbd9-44d1-a10e-f73236d0285e,african_storybook,37769,I'm a big girl,200,True,3,4,False,-1,0,354,285,152,True,1,3,False,,AXIS_MISMATCH,https://raw.githubusercontent.com/global-asp/asp-raw-db/master/data/37769.txt
b804bc4e-b8cf-4a51-b98a-b8de3738c3e0,african_storybook,37810,THE CAMP,200,True,3,4,False,-1,0,440,440,238,True,1,3,False,,AXIS_MISMATCH,https://raw.githubusercontent.com/global-asp/asp-raw-db/master/data/37810.txt
ce3f8971-125a-4c84-a5ba-f0ad9f47f935,african_storybook,37831,Isabella's Birthday Surprise,200,True,17,18,False,-1,0,1354,1354,128,True,1,17,False,,AXIS_MISMATCH,https://raw.githubusercontent.com/global-asp/asp-raw-db/master/data/37831.txt
7a643ae7-240c-44db-837e-16c9c311d2af,african_storybook,37832,Number O,200,True,17,18,False,-1,0,798,798,111,True,1,17,False,,AXIS_MISMATCH,https://raw.githubusercontent.com/global-asp/asp-raw-db/master/data/37832.txt
3b97c77e-e5ba-4e47-85fd-740b81c72925,african_storybook,37874,A day at the market,200,True,6,7,False,-1,0,1407,1422,244,True,1,6,False,,AXIS_MISMATCH,https://raw.githubusercontent.com/global-asp/asp-raw-db/master/data/37874.txt
389878e1-f1a2-4da2-85f7-e94ea8e72c0c,african_storybook,37890,The tale of the sun and moon,200,True,5,6,False,-1,0,993,993,232,True,1,5,False,,AXIS_MISMATCH,https://raw.githubusercontent.com/global-asp/asp-raw-db/master/data/37890.txt
f6c4d007-5c61-4c91-bbdf-9ec535471662,african_storybook,37899,The Cereal.,200,True,8,9,False,-1,0,820,820,192,True,1,8,False,,AXIS_MISMATCH,https://raw.githubusercontent.com/global-asp/asp-raw-db/master/data/37899.txt
d5ccc451-f652-4c49-a12e-38aed1b85865,african_storybook,38073,Bea's first day,200,True,12,9,False,3,0,2679,2734,246,True,1,12,False,,AXIS_MISMATCH,https://raw.githubusercontent.com/global-asp/asp-raw-db/master/data/38073.txt
93a08a90-27d6-4459-8b05-17c202a2e086,african_storybook,38098,Akhona and the Rainbow,200,True,11,12,False,-1,0,2178,2182,243,True,1,11,False,,AXIS_MISMATCH,https://raw.githubusercontent.com/global-asp/asp-raw-db/master/data/38098.txt
986315a5-b6b2-4c96-bc43-4668248e63e7,african_storybook,38139,Yoshi rules!,200,True,6,7,False,-1,0,1187,1187,240,True,1,6,False,,AXIS_MISMATCH,https://raw.githubusercontent.com/global-asp/asp-raw-db/master/data/38139.txt
e76409a3-7cd9-4531-8626-7a96242e2fff,african_storybook,38163,Too Tall,200,True,6,5,False,1,0,578,580,167,True,1,6,False,,AXIS_MISMATCH,https://raw.githubusercontent.com/global-asp/asp-raw-db/master/data/38163.txt
c6785a3a-d794-4351-8856-3cf18e529ae8,african_storybook,38825,My Egg,200,True,8,9,False,-1,0,740,738,116,True,1,8,False,,AXIS_MISMATCH,https://raw.githubusercontent.com/global-asp/asp-raw-db/master/data/38825.txt
22e76a32-0761-4c38-93ac-9b46dc04b3aa,african_storybook,38831,Rainbow Fish,200,True,8,9,False,-1,0,1373,1376,206,True,1,8,False,,AXIS_MISMATCH,https://raw.githubusercontent.com/global-asp/asp-raw-db/master/data/38831.txt
c4598fd9-58ce-4256-86e5-9aaaafce98a9,african_storybook,38842,Magic Bird,200,True,12,13,False,-1,0,1830,1836,206,True,1,12,False,,AXIS_MISMATCH,https://raw.githubusercontent.com/global-asp/asp-raw-db/master/data/38842.txt
1d522b89-4be9-4420-afe0-436c9d9d4deb,african_storybook,38843,Bobby Falls,200,True,8,9,False,-1,0,685,687,106,True,1,8,False,,AXIS_MISMATCH,https://raw.githubusercontent.com/global-asp/asp-raw-db/master/data/38843.txt
7b1e558c-234d-431d-9ce2-3ba8a19aec36,african_storybook,38872,The Colourful Octopus,200,True,10,11,False,-1,0,1398,1402,283,True,1,10,False,,AXIS_MISMATCH,https://raw.githubusercontent.com/global-asp/asp-raw-db/master/data/38872.txt
bc01e88b-14a7-4f60-9051-5eb6efae38b9,african_storybook,38974,The Crow and the Fox,200,True,4,5,False,-1,0,876,875,240,True,1,4,False,,AXIS_MISMATCH,https://raw.githubusercontent.com/global-asp/asp-raw-db/master/data/38974.txt
5d658ebd-1f99-4def-82af-0a6228ede9e0,african_storybook,38977,Adina and the sunflower,200,True,5,6,False,-1,0,1085,1085,238,True,1,5,False,,AXIS_MISMATCH,https://raw.githubusercontent.com/global-asp/asp-raw-db/master/data/38977.txt
8e7a7d17-8339-4763-bd8f-07ec3d6dcb5a,african_storybook,39060,The Big surprise,200,True,8,7,False,1,0,1380,1387,217,True,1,8,False,,AXIS_MISMATCH,https://raw.githubusercontent.com/global-asp/asp-raw-db/master/data/39060.txt
ad2605cc-b9d0-4339-854f-73611db6dbc3,african_storybook,39100,The Missing Cat,200,True,8,7,False,1,0,884,892,149,True,1,8,False,,AXIS_MISMATCH,https://raw.githubusercontent.com/global-asp/asp-raw-db/master/data/39100.txt
2358cb25-c99a-4f4f-b74e-64dd8bbf871f,african_storybook,39148,Descendants Las Vegas,200,True,8,9,False,-1,0,1236,1241,231,True,1,8,False,,AXIS_MISMATCH,https://raw.githubusercontent.com/global-asp/asp-raw-db/master/data/39148.txt
7b39da9d-a732-4c14-ae22-43c69bd5e60a,african_storybook,39221,Animal mania,200,True,9,10,False,-1,0,1757,1757,238,True,1,9,False,,AXIS_MISMATCH,https://raw.githubusercontent.com/global-asp/asp-raw-db/master/data/39221.txt
94590d73-5628-4bcf-99e1-e798810874a3,african_storybook,39256,Ice Cream Story,200,True,14,15,False,-1,0,1728,1723,240,True,1,14,False,,AXIS_MISMATCH,https://raw.githubusercontent.com/global-asp/asp-raw-db/master/data/39256.txt
a49eb77e-71ab-4221-b2ad-70464d5496ce,african_storybook,39281,Kyra's First Day Of Middle Sch,200,True,15,16,False,-1,0,1553,1552,142,True,1,15,False,,AXIS_MISMATCH,https://raw.githubusercontent.com/global-asp/asp-raw-db/master/data/39281.txt
95f3ae8f-d679-4885-b0d8-6330a8ea1e18,african_storybook,39312,Magic of tiles,200,True,5,6,False,-1,0,1089,1089,240,True,1,5,False,,AXIS_MISMATCH,https://raw.githubusercontent.com/global-asp/asp-raw-db/master/data/39312.txt
076329bf-193d-4de5-9c99-336678c3e568,african_storybook,39423,Dad's long legs,200,True,8,9,False,-1,0,569,569,120,True,1,8,False,,AXIS_MISMATCH,https://raw.githubusercontent.com/global-asp/asp-raw-db/master/data/39423.txt
9882baf8-40d1-4bb6-aa0a-edcaaf8194ae,african_storybook,39471,Noku's garden,200,True,7,8,False,-1,0,928,928,181,True,1,7,False,,AXIS_MISMATCH,https://raw.githubusercontent.com/global-asp/asp-raw-db/master/data/39471.txt
67e5f1bc-e73a-4d10-ae67-d572ee91e2ad,african_storybook,39472,Friends forever,200,True,7,8,False,-1,0,1667,1668,323,True,1,7,False,,AXIS_MISMATCH,https://raw.githubusercontent.com/global-asp/asp-raw-db/master/data/39472.txt
71f6e572-cc5e-4a56-a16f-07f55782ce2d,african_storybook,39500,The wild robot,200,True,5,6,False,-1,0,483,480,152,True,1,5,False,,AXIS_MISMATCH,https://raw.githubusercontent.com/global-asp/asp-raw-db/master/data/39500.txt
71aec6b7-2901-4bc4-8369-0d318d48b1de,african_storybook,39518,The Big Race,200,True,8,9,False,-1,0,330,334,98,True,1,8,False,,AXIS_MISMATCH,https://raw.githubusercontent.com/global-asp/asp-raw-db/master/data/39518.txt
982fd69b-0e88-4b7e-89d7-4afef1eff2e7,african_storybook,39853,At the market,200,True,6,7,False,-1,0,1178,1179,237,True,1,6,False,,AXIS_MISMATCH,https://raw.githubusercontent.com/global-asp/asp-raw-db/master/data/39853.txt
c4e53779-3627-4ccf-ad7f-c2fe5774a140,african_storybook,39920,Jack the cunning jackal and Jimbo,200,True,7,4,False,3,0,1474,1471,239,True,1,7,False,,AXIS_MISMATCH,https://raw.githubusercontent.com/global-asp/asp-raw-db/master/data/39920.txt
34656477-a06c-4961-b24a-fa36ca3bf6bd,african_storybook,39934,WICKED KING TIGER,200,True,4,5,False,-1,0,697,696,233,True,1,4,False,,AXIS_MISMATCH,https://raw.githubusercontent.com/global-asp/asp-raw-db/master/data/39934.txt
e5611fc9-2c34-4ecc-bec1-2c580586215b,african_storybook,39946,THE BRAVE OLUYET,200,True,10,11,False,-1,0,705,704,76,True,1,10,False,,AXIS_MISMATCH,https://raw.githubusercontent.com/global-asp/asp-raw-db/master/data/39946.txt
15781b61-6c0b-4802-83c5-11e9aadec91d,african_storybook,39947,The farmer and the magic pumpkin,200,True,11,12,False,-1,0,2356,2362,238,True,1,11,False,,AXIS_MISMATCH,https://raw.githubusercontent.com/global-asp/asp-raw-db/master/data/39947.txt
9b590920-8e25-4707-a8ae-2979fb6574cd,african_storybook,40004,How Shiva & Mimi Became Best Friends,200,True,7,8,False,-1,0,1037,1039,301,True,1,7,False,,AXIS_MISMATCH,https://raw.githubusercontent.com/global-asp/asp-raw-db/master/data/40004.txt
40514b21-c6fb-4294-98bf-ed8f5a9934ad,african_storybook,40020,I love oatmeal,200,True,10,11,False,-1,0,1094,1094,187,True,1,10,False,,AXIS_MISMATCH,https://raw.githubusercontent.com/global-asp/asp-raw-db/master/data/40020.txt
63c06248-712d-464f-aa4e-e21d536cc90d,african_storybook,40049,Amara the silly girl,200,True,7,8,False,-1,0,540,539,143,True,1,7,False,,AXIS_MISMATCH,https://raw.githubusercontent.com/global-asp/asp-raw-db/master/data/40049.txt
7b741024-0b0e-49d2-b9ef-fcc836585697,african_storybook,40063,THE WISE OLDMAN,200,True,9,10,False,-1,0,1949,1951,234,True,1,9,False,,AXIS_MISMATCH,https://raw.githubusercontent.com/global-asp/asp-raw-db/master/data/40063.txt
e15c2160-6c9b-4dea-9825-36da9a82ee52,african_storybook,40074,THE TRAPPED RAT,200,True,7,8,False,-1,0,1450,1468,242,True,1,7,False,,AXIS_MISMATCH,https://raw.githubusercontent.com/global-asp/asp-raw-db/master/data/40074.txt
a8ffa198-09aa-4107-9dee-7e685386957c,african_storybook,40096,Luntha's banana garden,200,True,8,9,False,-1,0,812,814,212,True,1,8,False,,AXIS_MISMATCH,https://raw.githubusercontent.com/global-asp/asp-raw-db/master/data/40096.txt
5e99736f-a116-4ef5-aae0-dc5e4ca723d2,african_storybook,40170,Anansi and Turtle,200,True,10,11,False,-1,0,3034,3042,465,True,1,10,False,,AXIS_MISMATCH,https://raw.githubusercontent.com/global-asp/asp-raw-db/master/data/40170.txt
b8c256d6-bf79-4fd4-ba9a-4ae31a892d9c,african_storybook,40191,TRIP TO THE BAZAAR,200,True,5,6,False,-1,0,472,479,113,True,1,5,False,,AXIS_MISMATCH,https://raw.githubusercontent.com/global-asp/asp-raw-db/master/data/40191.txt
7cc14006-e366-4e7e-816a-201dda2f76a1,african_storybook,40252,Drawing a rainbow,200,True,8,9,False,-1,0,1153,1155,211,True,1,8,False,,AXIS_MISMATCH,https://raw.githubusercontent.com/global-asp/asp-raw-db/master/data/40252.txt
2f6882bd-b02e-4bd0-8329-10a62da541aa,african_storybook,40311,WHEN ELEPHANT RULED,200,True,8,9,False,-1,0,1152,1142,191,True,1,8,False,,AXIS_MISMATCH,https://raw.githubusercontent.com/global-asp/asp-raw-db/master/data/40311.txt
0e4c69fc-c1ae-4415-b444-9e3abfe93fd3,african_storybook,40334,Each one is different,200,True,3,4,False,-1,0,346,351,154,True,1,3,False,,AXIS_MISMATCH,https://raw.githubusercontent.com/global-asp/asp-raw-db/master/data/40334.txt
a869c040-0914-41b9-94bc-aa3066e7fc7d,african_storybook,40344,A journey by a train,200,True,7,8,False,-1,0,1629,1629,239,True,1,7,False,,AXIS_MISMATCH,https://raw.githubusercontent.com/global-asp/asp-raw-db/master/data/40344.txt
7006a552-a655-4c22-b033-293388d84c34,african_storybook,40360,Coach Joy and her players,200,True,5,6,False,-1,0,342,342,102,True,1,5,False,,AXIS_MISMATCH,https://raw.githubusercontent.com/global-asp/asp-raw-db/master/data/40360.txt
69728da8-ce1c-43a7-909d-2659413d3eeb,african_storybook,40777,The big tree,200,True,6,7,False,-1,0,739,737,166,True,1,6,False,,AXIS_MISMATCH,https://raw.githubusercontent.com/global-asp/asp-raw-db/master/data/40777.txt
d63f6475-bcef-46e7-97fc-a14dfd84b357,african_storybook,5266,My Family And I,200,True,9,10,False,-1,0,443,443,56,True,1,9,False,,AXIS_MISMATCH,https://raw.githubusercontent.com/global-asp/asp-raw-db/master/data/5266.txt
af887c49-531a-4d26-9db4-b820648b9b6b,african_storybook,5394,A Hot Saturday,200,True,9,10,False,-1,0,796,796,179,True,1,9,False,,AXIS_MISMATCH,https://raw.githubusercontent.com/global-asp/asp-raw-db/master/data/5394.txt
ab52d580-1431-4a21-ae36-3148c8b89932,african_storybook,5397,The Clever Little Bird,200,True,12,13,False,-1,0,1623,1607,200,True,1,12,False,,AXIS_MISMATCH,https://raw.githubusercontent.com/global-asp/asp-raw-db/master/data/5397.txt
26a4781f-dc47-42bf-8d3d-de9afbcaa245,african_storybook,5413,Lion's Fire Sticks (Level 5),200,True,14,15,False,-1,0,3210,3197,339,True,1,14,False,,AXIS_MISMATCH,https://raw.githubusercontent.com/global-asp/asp-raw-db/master/data/5413.txt
1ab1a4f0-a0b6-4ec5-b402-b61d8b4dd07c,african_storybook,5566,Two Good Friends,200,True,5,3,False,2,0,338,337,78,True,1,5,False,,AXIS_MISMATCH,https://raw.githubusercontent.com/global-asp/asp-raw-db/master/data/5566.txt
83cde331-1e9d-4f9d-9a30-fb46cfe3ea9d,african_storybook,6165,Inyang and the Bird,200,True,17,18,False,-1,0,471,471,51,True,1,17,False,,AXIS_MISMATCH,https://raw.githubusercontent.com/global-asp/asp-raw-db/master/data/6165.txt
d65160b1-47b5-48f7-b48a-3b3c6d89b3b7,african_storybook,6369,Fruits,200,True,8,9,False,-1,0,272,268,77,True,1,8,False,,AXIS_MISMATCH,https://raw.githubusercontent.com/global-asp/asp-raw-db/master/data/6369.txt
f826de29-d007-4663-8f34-396662cf1a09,african_storybook,6895,What Vusi's sister said,200,True,13,14,False,-1,0,2586,2579,351,True,1,13,False,,AXIS_MISMATCH,https://raw.githubusercontent.com/global-asp/asp-raw-db/master/data/6895.txt
3a4ddcfd-ed86-4e3f-af8f-364abcd3881b,african_storybook,7387,The Bleeding Apple,200,True,10,9,False,1,0,1693,1689,297,True,1,10,False,,AXIS_MISMATCH,https://raw.githubusercontent.com/global-asp/asp-raw-db/master/data/7387.txt
bed71171-64fe-4339-8404-1ac8bff35def,african_storybook,7555,The Girl Who Played,200,True,14,15,False,-1,0,1860,1864,219,True,1,14,False,,AXIS_MISMATCH,https://raw.githubusercontent.com/global-asp/asp-raw-db/master/data/7555.txt
ab852638-faa1-4877-ba2d-573b88c48789,african_storybook,7590,Nanu's Taxi,200,True,16,17,False,-1,0,1481,1471,137,True,1,16,False,,AXIS_MISMATCH,https://raw.githubusercontent.com/global-asp/asp-raw-db/master/data/7590.txt
e1068402-e882-4e2d-9f4b-07a53cac2322,african_storybook,7652,My Grandma,200,True,5,6,False,-1,0,114,114,32,True,1,5,False,,AXIS_MISMATCH,https://raw.githubusercontent.com/global-asp/asp-raw-db/master/data/7652.txt
05eea2f0-e26d-43e8-9be5-36bcf95bbd4a,african_storybook,7656,Little Badger Goes to the Moon,200,True,12,13,False,-1,0,2173,2166,271,True,1,12,False,,AXIS_MISMATCH,https://raw.githubusercontent.com/global-asp/asp-raw-db/master/data/7656.txt
8625af82-af73-4e81-941f-3fe388091fb2,african_storybook,7769,The Rat,200,True,12,13,False,-1,0,1228,1217,222,True,1,12,False,,AXIS_MISMATCH,https://raw.githubusercontent.com/global-asp/asp-raw-db/master/data/7769.txt
08af37b3-4d8f-438f-9d4f-7bf6c5f1916a,african_storybook,8220,Esther Takes Mummy's Sweets,200,True,5,6,False,-1,0,757,756,249,True,1,5,False,,AXIS_MISMATCH,https://raw.githubusercontent.com/global-asp/asp-raw-db/master/data/8220.txt
eba6abaf-003c-4794-bee4-4129f8abf88e,african_storybook,8487,Baby Snatched By Cranes,200,True,8,9,False,-1,0,2824,2820,450,True,1,8,False,,AXIS_MISMATCH,https://raw.githubusercontent.com/global-asp/asp-raw-db/master/data/8487.txt
8d9c360f-b97a-4d29-abb5-82c3d975ce42,african_storybook,8554,The Staring Game,200,True,7,8,False,-1,0,744,739,158,True,1,7,False,,AXIS_MISMATCH,https://raw.githubusercontent.com/global-asp/asp-raw-db/master/data/8554.txt
fd6bb133-a50d-4fd3-ae84-23b45bc38419,african_storybook,8815,A Dancer's Tale: The Story of Phyllis Spira,200,True,12,13,False,-1,0,2782,2735,253,True,1,12,False,,AXIS_MISMATCH,https://raw.githubusercontent.com/global-asp/asp-raw-db/master/data/8815.txt
48ec23e9-975a-416a-b42d-bea3931d89e1,african_storybook,8950,Sindiwe and the Fireflies,200,True,12,13,False,-1,0,2309,2296,290,True,1,12,False,,AXIS_MISMATCH,https://raw.githubusercontent.com/global-asp/asp-raw-db/master/data/8950.txt
9428d59a-9c79-4899-a14d-0ef2a37fcb18,african_storybook,920,King of the Birds,200,True,12,13,False,-1,0,2453,2423,297,True,1,12,False,,AXIS_MISMATCH,https://raw.githubusercontent.com/global-asp/asp-raw-db/master/data/920.txt
ebb00164-cea6-4b4b-9183-3ada7a01fcfb,african_storybook,9208,The Boy Who Nobody Loved,200,True,16,17,False,-1,0,3305,3285,313,True,1,16,False,,AXIS_MISMATCH,https://raw.githubusercontent.com/global-asp/asp-raw-db/master/data/9208.txt
44b79846-4678-42ae-b778-5e3971e9b05a,african_storybook,9266,What Colors Do You Like?,200,True,12,13,False,-1,0,390,390,53,True,1,12,False,,AXIS_MISMATCH,https://raw.githubusercontent.com/global-asp/asp-raw-db/master/data/9266.txt
df155c4f-f6ff-4e09-a772-721a7b4fde00,african_storybook,9299,The Race,200,True,10,11,False,-1,0,1048,1040,180,True,1,10,False,,AXIS_MISMATCH,https://raw.githubusercontent.com/global-asp/asp-raw-db/master/data/9299.txt
c9fecc4e-ca47-4e1f-861d-845050d97e08,african_storybook,9545,Old Rooster,200,True,12,13,False,-1,0,3169,3155,413,True,1,12,False,,AXIS_MISMATCH,https://raw.githubusercontent.com/global-asp/asp-raw-db/master/data/9545.txt
c84a4e87-7b9a-4e26-8164-ecdd2d426c50,african_storybook,9663,Clever Goats,200,True,5,6,False,-1,0,1144,1131,281,True,1,5,False,,AXIS_MISMATCH,https://raw.githubusercontent.com/global-asp/asp-raw-db/master/data/9663.txt
386628e1-1d9f-4b48-9cb0-62f256166277,african_storybook,9668,My Baby Boy,200,True,3,4,False,-1,0,121,121,58,True,1,3,False,,AXIS_MISMATCH,https://raw.githubusercontent.com/global-asp/asp-raw-db/master/data/9668.txt
08f93f9e-6738-40eb-a5dd-990b10c86750,african_storybook,9702,Flowers,200,True,8,9,False,-1,0,415,415,81,True,1,8,False,,AXIS_MISMATCH,https://raw.githubusercontent.com/global-asp/asp-raw-db/master/data/9702.txt
38e9a75b-f37e-4949-ae12-d596f9141b17,african_storybook,9733,Domestic Birds,200,True,4,5,False,-1,0,29,29,12,True,1,4,False,,AXIS_MISMATCH,https://raw.githubusercontent.com/global-asp/asp-raw-db/master/data/9733.txt
2142a1c8-0793-40c6-99ec-9e7d089da4e7,african_storybook,9765,We Play to Learn,200,True,7,8,False,-1,0,69,69,19,True,1,7,False,,AXIS_MISMATCH,https://raw.githubusercontent.com/global-asp/asp-raw-db/master/data/9765.txt
c6990362-a6c6-4ab7-892d-557fe02778b7,african_storybook,9766,Kumbana's Child,200,True,12,13,False,-1,0,926,915,110,True,1,12,False,,AXIS_MISMATCH,https://raw.githubusercontent.com/global-asp/asp-raw-db/master/data/9766.txt
b63a8b91-c20a-448b-a46f-cba4b7260284,african_storybook,9787,Crushed Louse,200,True,8,9,False,-1,0,882,874,167,True,1,8,False,,AXIS_MISMATCH,https://raw.githubusercontent.com/global-asp/asp-raw-db/master/data/9787.txt
cea8bd09-07b5-4057-8182-64ff285b6a20,african_storybook,9792,Keke's Swing,200,True,12,13,False,-1,0,1471,1462,217,True,1,12,False,,AXIS_MISMATCH,https://raw.githubusercontent.com/global-asp/asp-raw-db/master/data/9792.txt
ea92b054-c1dc-4c0b-8ba1-8f0c835214cc,african_storybook,9797,Girl Called Norah,200,True,8,9,False,-1,0,643,640,112,True,1,8,False,,AXIS_MISMATCH,https://raw.githubusercontent.com/global-asp/asp-raw-db/master/data/9797.txt
f219c630-9e22-42b4-b01c-e9c6eebaf2d9,african_storybook,9809,A tiny seed: The story of Wangari Maathai,200,True,12,13,False,-1,0,2233,2220,230,True,1,12,False,,AXIS_MISMATCH,https://raw.githubusercontent.com/global-asp/asp-raw-db/master/data/9809.txt
9aed42f2-b10c-4f39-96b8-d7a9bd01b404,african_storybook,9825,Soccer Game,200,True,8,9,False,-1,0,336,335,74,True,1,8,False,,AXIS_MISMATCH,https://raw.githubusercontent.com/global-asp/asp-raw-db/master/data/9825.txt
74815196-157b-4dba-8739-0e01e3b0b669,african_storybook,9830,Rain for Nomvula,200,True,8,9,False,-1,0,1068,1061,212,True,1,8,False,,AXIS_MISMATCH,https://raw.githubusercontent.com/global-asp/asp-raw-db/master/data/9830.txt
37aee00f-f917-4bc8-a4ed-e90c2cf9f05a,african_storybook,988,One Hot Saturday Afternoon,200,True,12,13,False,-1,0,1473,1458,223,True,1,12,False,,AXIS_MISMATCH,https://raw.githubusercontent.com/global-asp/asp-raw-db/master/data/988.txt
83b45cb4-f732-4a0a-a80a-b1a201fcdf27,african_storybook,9881,The Banana Thieves,200,True,13,14,False,-1,0,1224,1211,157,True,1,13,False,,AXIS_MISMATCH,https://raw.githubusercontent.com/global-asp/asp-raw-db/master/data/9881.txt
60fa7fd2-101a-4eea-a2ad-ccbbf53b0614,african_storybook,9902,Imagine,200,True,9,10,False,-1,0,642,641,92,True,1,9,False,,AXIS_MISMATCH,https://raw.githubusercontent.com/global-asp/asp-raw-db/master/data/9902.txt
e03fa811-3534-429f-ba47-8f4576d8a675,african_storybook,9966,Why the Library Was Built?,200,True,12,13,False,-1,0,383,383,51,True,1,12,False,,AXIS_MISMATCH,https://raw.githubusercontent.com/global-asp/asp-raw-db/master/data/9966.txt
af3449ce-be74-49ac-833e-ec6bc22856c5,african_storybook,9968,My Trip to the Zoo,200,True,8,9,False,-1,0,189,190,50,True,1,8,False,,AXIS_MISMATCH,https://raw.githubusercontent.com/global-asp/asp-raw-db/master/data/9968.txt
2faf7b81-57c2-447d-bf02-a34b978c9ab7,african_storybook,9984,Zama is great!,200,True,12,13,False,-1,0,635,630,85,True,1,12,False,,AXIS_MISMATCH,https://raw.githubusercontent.com/global-asp/asp-raw-db/master/data/9984.txt
bba3e568-bd5c-4126-82eb-c8d84751f5af,african_storybook,9985,Man Who Built His Own House,200,True,12,13,False,-1,0,590,584,96,True,1,12,False,,AXIS_MISMATCH,https://raw.githubusercontent.com/global-asp/asp-raw-db/master/data/9985.txt
33ca9a5e-6de3-44cb-8ec6-6c9346e567da,bloom,01bb98de-b779-48c8-8f0f-d910a49ab07f,Big and little,200,True,10,10,True,0,5,112,112,24,True,1,10,False,,EMPTY_PAGES,https://zuwbshdvpnranzheswdn.supabase.co/storage/v1/object/public/book-manifests/bloom-01bb98de-b779-48c8-8f0f-d910a49ab07f.txt
cce257bc-375f-4ebc-b992-73362b0cb242,bloom,109801f8-e5f8-48eb-8705-5b413b582d59,Leela Learns to Ride!,200,True,8,8,True,0,1,279,280,63,True,1,8,False,,EMPTY_PAGES,https://zuwbshdvpnranzheswdn.supabase.co/storage/v1/object/public/book-manifests/bloom-109801f8-e5f8-48eb-8705-5b413b582d59.txt
00e0a3f0-b772-49f4-abed-e61bcd21540d,bloom,314b2bd9-4328-407b-8383-452e32a807eb,The Moon and the Cap,200,True,12,12,True,0,1,656,656,98,True,1,12,False,,EMPTY_PAGES,https://zuwbshdvpnranzheswdn.supabase.co/storage/v1/object/public/book-manifests/bloom-314b2bd9-4328-407b-8383-452e32a807eb.txt
a5fc1dd9-1d87-4580-ae4e-3e9a750e51f7,bloom,3b9944ca-2137-4101-a390-bf3ed5b505e1,"People 1 Phase 1, Unit 1, Game 1 Mvskoke Growing Bilingual Community",200,True,33,33,True,0,16,440,440,29,True,1,33,False,,EMPTY_PAGES,https://zuwbshdvpnranzheswdn.supabase.co/storage/v1/object/public/book-manifests/bloom-3b9944ca-2137-4101-a390-bf3ed5b505e1.txt
1b3a2359-4147-4b2b-b0d5-05620eedc22f,bloom,410ca735-a70e-4b36-8899-aa4ab41a1127,Jesus Feeds the Multitude,200,True,7,7,True,0,1,371,373,75,True,1,7,False,,EMPTY_PAGES,https://zuwbshdvpnranzheswdn.supabase.co/storage/v1/object/public/book-manifests/bloom-410ca735-a70e-4b36-8899-aa4ab41a1127.txt
e5e6261f-cc1e-432c-ad17-0f9aec6da532,bloom,442fd0c3-a935-4d65-9ca9-33602df5f660,Where is my jacket?,200,True,11,11,True,0,1,796,802,140,True,1,11,False,,EMPTY_PAGES,https://zuwbshdvpnranzheswdn.supabase.co/storage/v1/object/public/book-manifests/bloom-442fd0c3-a935-4d65-9ca9-33602df5f660.txt
cda18548-a607-4b40-9d16-6fdc2dc0be1b,bloom,537842d8-96e1-4fb5-a31d-deb1092e3bb8,Princess Amiya,200,True,30,30,True,0,21,691,691,126,True,1,30,False,,EMPTY_PAGES,https://zuwbshdvpnranzheswdn.supabase.co/storage/v1/object/public/book-manifests/bloom-537842d8-96e1-4fb5-a31d-deb1092e3bb8.txt
5b8ba876-b408-42c5-b2e9-0b0d1f32fa87,bloom,6c2a2c2f-e0d9-4ce8-85c9-2962ddb2584d,The Widow and the Judge,200,True,7,7,True,0,1,738,742,218,True,1,7,False,,EMPTY_PAGES,https://zuwbshdvpnranzheswdn.supabase.co/storage/v1/object/public/book-manifests/bloom-6c2a2c2f-e0d9-4ce8-85c9-2962ddb2584d.txt
2c337b2c-10d5-45b3-a5b0-ac5efafc4efb,bloom,7665adb0-6335-4457-adf1-a7a72f006375,Our Father,200,True,10,10,True,0,1,352,352,68,True,1,10,False,,EMPTY_PAGES,https://zuwbshdvpnranzheswdn.supabase.co/storage/v1/object/public/book-manifests/bloom-7665adb0-6335-4457-adf1-a7a72f006375.txt
588f10b2-7f91-49ea-9fe7-8042c25e6429,bloom,7edab369-1311-40fa-acba-3c3d7c23a9ce,"Rain, Rain",200,True,12,12,True,0,1,606,610,89,True,1,12,False,,EMPTY_PAGES,https://zuwbshdvpnranzheswdn.supabase.co/storage/v1/object/public/book-manifests/bloom-7edab369-1311-40fa-acba-3c3d7c23a9ce.txt
4175d09b-bd21-4085-ac27-23baacaf789b,bloom,9455894a-b5b1-475e-a06f-0ea256897a07,My red ball,200,True,16,16,True,0,1,267,267,58,True,1,16,False,,EMPTY_PAGES,https://zuwbshdvpnranzheswdn.supabase.co/storage/v1/object/public/book-manifests/bloom-9455894a-b5b1-475e-a06f-0ea256897a07.txt
03634afe-429e-405d-a2a4-ad225a0c4265,bloom,a44e50a7-1b1d-4861-a066-4efda45b1b72,My Favorite Color,200,True,21,21,True,0,14,606,606,119,True,1,21,False,,EMPTY_PAGES,https://zuwbshdvpnranzheswdn.supabase.co/storage/v1/object/public/book-manifests/bloom-a44e50a7-1b1d-4861-a066-4efda45b1b72.txt
6a054991-e52f-4255-b675-7be74dd77543,bloom,a6372358-e984-4c17-8bdf-f1d7ff8db4a6,Aaloo-Maaloo-Kaaloo,200,True,8,8,True,0,1,849,854,193,True,1,8,False,,EMPTY_PAGES,https://zuwbshdvpnranzheswdn.supabase.co/storage/v1/object/public/book-manifests/bloom-a6372358-e984-4c17-8bdf-f1d7ff8db4a6.txt
312e2f05-75ce-482e-b80b-675ef8c81ded,bloom,a9e9846b-cc8f-40bf-9e25-32c1b9c14444,Fishing in My Village,200,True,13,13,True,0,1,826,826,115,True,1,13,False,,EMPTY_PAGES,https://zuwbshdvpnranzheswdn.supabase.co/storage/v1/object/public/book-manifests/bloom-a9e9846b-cc8f-40bf-9e25-32c1b9c14444.txt
e147b8b7-7e32-4aca-9ca5-371f34ae2462,bloom,ac2d472e-57da-46a4-a6bc-a526f7c0739a,Where is my bat?,200,True,8,8,True,0,1,344,344,66,True,1,8,False,,EMPTY_PAGES,https://zuwbshdvpnranzheswdn.supabase.co/storage/v1/object/public/book-manifests/bloom-ac2d472e-57da-46a4-a6bc-a526f7c0739a.txt
83a8d5f8-9dc4-4b98-89e8-65452a72df00,bloom,b3f503ec-5d7f-4362-bac4-bf6673143813,Noisy Crows,200,True,12,12,True,0,1,643,644,115,True,1,12,False,,EMPTY_PAGES,https://zuwbshdvpnranzheswdn.supabase.co/storage/v1/object/public/book-manifests/bloom-b3f503ec-5d7f-4362-bac4-bf6673143813.txt
24b4eee5-24f6-4f92-8ab2-f70c757c2c19,bloom,b8b72cfb-8922-41c0-a168-a9c6fd299318,How Ant Saved Dove,200,True,27,27,True,0,2,1560,1567,112,True,1,27,False,,EMPTY_PAGES,https://zuwbshdvpnranzheswdn.supabase.co/storage/v1/object/public/book-manifests/bloom-b8b72cfb-8922-41c0-a168-a9c6fd299318.txt
1d9952e8-5fd3-4885-abd7-354b36b7404d,bloom,bf6fe85c-a533-4922-9492-afc63d992ce5,02 - Cat and Dog: Words,200,True,55,55,True,0,22,402,402,32,True,1,55,False,,EMPTY_PAGES,https://zuwbshdvpnranzheswdn.supabase.co/storage/v1/object/public/book-manifests/bloom-bf6fe85c-a533-4922-9492-afc63d992ce5.txt
5d1d4358-2ec1-498b-bf05-c81765046a96,bloom,f25fe9f8-a91e-441b-92e1-6001ec356941,Remo's Shoes,200,True,15,15,True,0,3,385,385,46,True,1,15,False,,EMPTY_PAGES,https://zuwbshdvpnranzheswdn.supabase.co/storage/v1/object/public/book-manifests/bloom-f25fe9f8-a91e-441b-92e1-6001ec356941.txt
